Player One,Player Two,Winner,Termination,Total Moves,Total Milliseconds,Starting Tile Index,Transcript
Random,Tile Skipper,Two,Normal,48,6548,24,7A 20D G 6B 3A G 14B 6C G 1A 2A G 20B 2B G 2C 20B G 17B 4B G 1B 1C G 8C 4C G 9A 2A G 18D 10A G 5D 13C G 12D 10B G 9C 10C G 19C 9B G 13B 9D G
Kitty Corner,Barricade,Two,Normal,63,6549,24,7A 7B G 7C 2A G 3A 2B G 2C 4A G 9A 2D G 3B 14A G 3D 8C G 3C 9D G 3D 4C G 12B 14D G 14D 9C G 14C 14B G 1A 1D G 11D 8D G 2A 6B G 15C 19C G 15A 3B G 15B 14B G 9B 1D G 17D 2A G 2A 18C G
Tile Skipper,Bee Line,One,Normal,45,6549,79,20D 5A G 16D 6B G 6C 11B G 17A 1A G 2B 17D G 4D 2C G 4B 15D G 14C 1B G 2A 19A G 19D 3D G 3C 10B G 19B 4C G 7A 10D G 10A 9A G 8B 7C G
Random,Kitty Corner,Two,Normal,42,8872,78,20C 20A G 15A 9C G 14C 10A G 5A 20B G 2A 4A G 3A 6A G 5C 5B G 20D 19D G 2D 4B G 20D 19C G 5C 20D G 4B 7B G 16A 20A G 14D 20B G
Kitty Corner,Monte Carlo Beeline 1,Two,Normal,39,8972,28,8A 13C G 15A 3A G 4A 14A G 18C 5A G 10A 15D G 6A 12A G 3C 6B G 20A 4B G 3D 16B G 16D 4B G 10C 12B G 12C 3C G 8C 12C G
Random,Bee Line,Two,Normal,39,100,7,2D 7A G 13D 15B G 13C 12D G 18A 3C G 9B 12A G 14A 15B G 8D 18D G 17D 2A G 9C 14D G 19C 16D G 4B 3B G 2B 14C G 3A 20B G
Monte Carlo Beeline 1,Tile Skipper,One,Normal,57,15521,24,7A 20D G 6B 12C G 1A 6C G 5C 5A G 16B 5B G 2B 19B G 17B 2C G 3B 20B G 3A 1B G 3C 13C G 9A 8A G 8C 4D G 19D 4C G 8D 15D G 10A 13A G 9B 10A G 15D 14A G 14B 14D G 10B 13B G
Tile Skipper,Deep Beeline,Two,Normal,45,11994,79,20D 13B G 17A 6B G 6C 7B G 11D 1A G 2B 7D G 13D 2C G 4B 19C G 20B 1B G 2A 3B G 19D 3D G 3C 20C G 8A 4A G 4C 3A G 10D 8C G 9D 15D G
Monte Carlo Beeline 2,Bee Line,One,Normal,42,29358,24,7A 7D G 12C 17A G 18A 9B G 8B 14C G 6D 8C G 13D 12A G 18D 9C G 14B 19D G 1A 8A G 13B 10B G 10D 3D G 15A 5C G 12D 8C G 9C 1B G
Tile Skipper,Barricade,Two,Normal,48,10897,79,20D 15B G 20A 6B G 6C 6A G 11D 1A G 2B 1B G 1C 2C G 4B 1D G 16A 4C G 7A 15D G 16B 8C G 7D 17B G 17A 3C G 7B 17D G 11C 5D G 8B 14B G 12C 9A G
Monte Carlo Beeline 1,Kitty Corner,One,Normal,39,13945,20,6A 10A G 5A 8B G 17C 1A G 2A 11A G 17D 7A G 12A 11C G 13D 10B G 5C 14C G 17B 1C G 5C 18D G 12B 10B G 2B 19D G 14A 7C G
Barricade,Random,One,Normal,51,101,17,5B 1C G 16C 1A G 6D 12A G 7A 2D G 7B 9A G 19C 7C G 7D 4C G 20C 4A G 4D 10D G 20A 17C G 9C 8B G 20B 13B G 19D 19C G 20D 19B G 13A 18D G 17A 17B G 10C 16C G
Barricade,Tile Skipper,One,Normal,57,104,63,16D 20D G 6B 6A G 11D 6C G 1A 1B G 1C 2B G 2C 1D G 2A 4B G 4C 20C G 20B 7A G 8C 15A G 11B 7D G 3D 16B G 17B 4A G 5D 18B G 18A 7C G 8B 18D G 14B 9B G 10B 19A G 10A 13D G
Random,Deep Beeline,Two,Normal,57,14234,40,11A 6A G 5A 13A G 18B 1A G 1B 1D G 2D 20B G 6C 8B G 5C 14C G 7C 19B G 16C 7B G 9B 7A G 8C 9C G 19C 18C G 3A 19A G 3C 18B G 15D 9D G 4A 10A G 3A 14B G 20C 10A G 8B 14B G
Random,Barricade,Two,Normal,54,33880,10,3C 17B G 3A 20A G 11A 8D G 4D 2A G 7D 2B G 2C 11C G 8C 2D G 7A 6C G 8C 11D G 6A 17C G 15B 12B G 16A 4C G 10C 13A G 13C 2A G 14D 18D G 1A 10B G 16C 14C G 8A 19C G
Barricade,Kitty Corner,One,Normal,69,34640,21,6B 11A G 6A 6C G 6D 1A G 5A 1B G 1C 4A G 9A 1D G 4B 4C G 4C 7B G 16D 5C G 5B 10D G 4D 11D G 11B 9B G 13B 6A G 8A 20A G 20B 18C G 3C 16B G 17B 18D G 14C 17A G 17D 19B G 2C 12C G 12A 6A G 6A 12B G 1A 6A G
Barricade,Bee Line,One,Normal,54,119,70,18C 10A G 10B 15D G 14C 5B G 2B 10C G 10D 18D G 18B 2A G 3B 18A G 20B 5A G 4B 20A G 19B 20D G 13C 7A G 7C 7B G 11B 11D G 16C 14D G 9B 16A G 6A 17C G 6C 6D G 6B 1C G
Monte Carlo Beeline 1,Bee Line,One,Normal,42,35447,52,14A 12B G 19B 17B G 18A 16B G 12D 17C G 11A 1C G 1A 13C G 19A 1D G 10A 18C G 2A 7A G 7C 2D G 5C 15A G 4D 2B G 15B 8D G 5D 4B G
Kitty Corner,Tile Skipper,Two,Normal,60,863,60,16A 20D G 6B 11A G 6A 6C G 1A 15A G 10A 2B G 2C 5A G 4A 4B G 1B 10B G 16C 1C G 3B 5B G 16D 3C G 4C 10B G 16D 7A G 8D 9A G 19D 8B G 12D 19A G 20B 12C G 13B 18B G 17A 13C G 14D 10C G
Tile Skipper,Monte Carlo Beeline 1,Two,Normal,60,36507,79,20D 3A G 12C 6B G 6C 4C G 1D 1A G 2B 2C G 5A 4B G 1B 6D G 13B 1C G 4D 19B G 13A 7C G 7B 13D G 16B 8D G 7A 17B G 19C 9A G 13C 14A G 19D 18A G 18D 14C G 17C 9B G 14D 10A G 19D 6D G
Kitty Corner,Bee Line,One,Normal,45,1449,4,2A 18B G 2B 3A G 4A 5A G 5D 9A G 14A 1D G 19D 19A G 4B 1B G 15B 3C G 14D 15D G 1A 4D G 2C 20C G 15A 3D G 7A 20B G 20A 13B G 3D 16B G
Kitty Corner,Monte Carlo Beeline 2,Two,Normal,51,51121,8,3A 6B G 20A 4A G 5A 14B G 10A 8A G 13A 9A G 6C 2A G 1A 12C G 18A 12A G 7A 16D G 17C 11A G 17A 13D G 6D 2D G 5D 19C G 18D 2D G 12B 11B G 12D 5B G 1B 18D G
Bee Line,Random,One,Normal,42,723,18,5C 6A G 20D 2B G 12B 16C G 8A 5A G 12C 11D G 11D 17D G 2C 20C G 5B 14A G 18D 8B G 15C 14B G 19C 4A G 14C 18A G 14D 12D G 16C 10C G
Bee Line,Tile Skipper,One,Normal,45,31278,74,19C 20D G 6B 19A G 16A 6C G 1A 19B G 20B 2B G 2C 16B G 2D 4B G 1B 11C G 11B 2A G 3D 7C G 11A 3C G 4C 14C G 9C 5D G 7A 7B G 8D 8B G
Bee Line,Kitty Corner,Two,Normal,39,31287,22,6C 9A G 4A 7B G 11C 5A G 1A 12A G 8B 6A G 11A 15A G 19B 5B G 11B 20A G 18A 6D G 1C 18C G 15C 1C G 4C 18B G 20D 11D G
Tile Skipper,Random,One,Normal,48,729,79,20D 16C G 12A 6B G 6C 16D G 1D 1A G 2B 19B G 8A 2C G 4B 4A G 19C 1B G 2A 9B G 8B 3D G 3C 18C G 4A 4C G 5D 13B G 7C 7B G 9A 17D G 16B 9C G
Barricade,Deep Beeline,Two,Normal,60,35584,6,2C 2D G 9D 2A G 7C 5B G 19C 1C G 5A 19B G 1D 1A G 6C 12C G 18A 7A G 11B 20D G 15A 4A G 9B 13A G 8C 14A G 13C 3C G 10B 10D G 14C 12D G 17C 13D G 4D 8D G 8A 14A G 1A 16D G 10A 2D G
Tile Skipper,Kitty Corner,One,Normal,48,1290,79,20D 7A G 2A 6B G 6C 3A G 4A 1A G 2B 9A G 14A 2C G 4B 7D G 14D 1B G 3B 3D G 4D 4C G 8C 9C G 3C 8B G 10A 14A G 13B 10C G 13A 17B G 8D 17C G
Bee Line,Monte Carlo Beeline 2,Two,Normal,57,99947,40,11A 7A G 6A 11B G 5D 1A G 3A 3B G 2D 19A G 2B 11C G 12A 8B G 18B 9A G 16D 13C G 18D 17C G 9C 17A G 20B 8C G 12D 12B G 10A 15D G 14A 14D G 20D 4D G 13B 10B G 18C 11B G 17D 20A G
Monte Carlo Beeline 1,Deep Beeline,One,Normal,54,74517,4,2A 1D G 19C 14A G 8D 14C G 1B 19A G 1A 18B G 17C 18A G 6A 12A G 13D 13A G 8B 20A G 8C 17A G 15D 6D G 15B 20B G 20D 6B G 11B 15A G 9A 4A G 6B 7A G 20D 15C G 16B 16C G
Kitty Corner,Deep Beeline,Two,Normal,51,82003,52,14A 15A G 3A 9A G 4A 4B G 19C 19A G 13A 9D G 1D 8A G 20A 16B G 20D 12A G 7A 7D G 16D 12D G 13B 10C G 12C 13B G 8B 11A G 7B 13B G 12B 10B G 5D 13A G 14B 20B G
Deep Beeline,Random,One,Normal,45,50981,19,5D 1B G 6C 17B G 8C 8D G 13B 13A G 15D 8B G 9D 10C G 10D 7A G 9B 15B G 3C 9D G 20D 4A G 20B 16A G 9B 12D G 20A 11A G 12A 17D G 16D 1D G
Random,Monte Carlo Beeline 1,Two,Normal,51,85317,9,3B 20C G 20B 6D G 12B 6A G 12C 14A G 12D 17B G 13A 3A G 13C 20D G 19B 5C G 10A 9B G 3D 9D G 12D 13B G 2A 7D G 5C 7C G 19C 14A G 10D 11C G 5D 11D G 8A 2A G
Bee Line,Deep Beeline,Two,Normal,54,51964,4,2A 13A G 13B 4D G 2B 9C G 9D 20C G 1A 18A G 15D 1B G 10B 19D G 12B 14A G 5B 19C G 11B 17C G 7D 14C G 12D 11C G 19A 15A G 17B 16D G 20B 20D G 16A 19A G 20B 7B G 11D 10B G
Bee Line,Barricade,Two,Normal,45,1444,55,14D 4A G 14A 20D G 11D 11A G 16C 19B G 19A 19C G 20B 9B G 3A 9A G 13C 18D G 17B 3B G 2B 17C G 7B 2A G 2D 6D G 20C 7C G 16D 1C G 10D 7A G
Deep Beeline,Barricade,One,Normal,57,51766,27,7D 7C G 7A 14C G 14B 12B G 2C 13D G 14D 13A G 18C 17D G 15B 8B G 2A 15A G 17B 15D G 19A 19B G 20A 20C G 18D 1A G 8D 3A G 3C 9C G 16C 3C G 7A 6B G 20D 1C G 2C 17C G 16A 7B G
Monte Carlo Beeline 1,Barricade,One,Normal,57,88868,6,2C 2D G 2A 19B G 7A 7D G 3D 10A G 1D 1A G 6C 5B G 20A 5C G 2B 8D G 9B 8A G 12D 3B G 18A 14C G 15D 9D G 8B 13D G 5D 17C G 13A 5C G 15C 4A G 4C 1A G 16D 15A G 17D 2B G
Deep Beeline,Tile Skipper,One,Normal,42,6204,45,12B 20D G 6B 12A G 2D 6C G 1A 18C G 18D 2B G 2C 16A G 6A 4B G 1B 7A G 19B 1C G 3B 20B G 3A 3C G 4C 13B G 11B 5D G 9A 10C G
Barricade,Monte Carlo Beeline 1,Two,Normal,63,90724,22,6C 6D G 16C 6A G 11B 19A G 13C 1C G 16A 8D G 4B 4A G 5B 13B G 16D 13A G 20A 18C G 8A 8B G 18A 9A G 14D 9C G 7A 14A G 12A 7B G 12D 10B G 10C 17A G 3D 11C G 2C 10D G 5C 17B G 2C 5C G 11A 13A G
Tile Skipper,Monte Carlo Beeline 2,Two,Normal,48,164897,79,20D 10A G 20A 6B G 6C 1B G 16D 1A G 2B 16B G 2A 2C G 4B 5A G 13A 4C G 1C 13D G 12C 7A G 7C 8A G 3D 7B G 3C 19B G 18B 9A G 9B 17A G 17D 12D G
Monte Carlo Beeline 2,Deep Beeline,One,Normal,45,164995,15,4D 5A G 5B 11B G 2B 7B G 1A 18B G 19C 12A G 2C 19B G 18A 3B G 13C 16A G 16B 17B G 16C 3D G 9B 13A G 9D 9A G 20A 8C G 19D 20D G 20C 14B G
Deep Beeline,Monte Carlo Beeline 1,Two,Normal,63,94813,22,6C 6D G 16C 11D G 6B 8C G 11C 13C G 1A 4D G 1D 13B G 14D 15B G 15D 11A G 17C 18A G 7C 18D G 20A 3A G 5D 7A G 5A 18B G 17A 12A G 10C 12D G 10A 14A G 20B 12C G 17D 10D G 20B 9D G 18C 5C G 12A 19D G
Deep Beeline,Kitty Corner,One,Normal,57,41771,14,4C 2A G 3A 11C G 19C 4A G 9A 19A G 20A 14A G 1A 20D G 1B 8A G 13A 18C G 6A 18A G 3B 20C G 16C 2D G 1C 7C G 11B 13D G 2D 6C G 13C 1D G 9B 10D G 10A 2D G 13B 17A G 7C 12A G
Bee Line,Monte Carlo Beeline 1,Two,Normal,48,90573,19,5D 6A G 5A 15D G 16C 16D G 20C 17B G 19D 17A G 1A 12A G 3D 12B G 4A 9D G 12D 8A G 12C 19C G 19B 9C G 7D 16A G 20B 2D G 11A 3A G 4C 18D G 18C 11D G
Deep Beeline,Bee Line,Two,Normal,57,54646,12,4A 13C G 2C 20C G 10D 1C G 8D 13A G 14A 5D G 9D 9B G 17B 20A G 20B 6A G 3A 17A G 18A 17D G 8B 11D G 20D 9C G 12D 11B G 11A 19A G 14B 20B G 15C 6B G 13A 16A G 16D 12A G 3A 7B G
Random,Monte Carlo Tree Search,Two,Normal,42,237703,74,19C 20A G 12D 12B G 9A 7D G 14C 13B G 9C 18A G 11A 13C G 4D 5D G 12C 1B G 9A 11D G 18A 17D G 6B 5D G 16C 5B G 2B 1A G 6C 9A G
Monte Carlo Beeline 2,Monte Carlo Beeline 1,Two,Normal,63,260362,4,2A 1D G 18D 14D G 8D 4D G 9B 4A G 9D 4B G 14C 19A G 5D 14A G 16B 11D G 19B 16A G 6B 16C G 18B 11A G 17B 5A G 15C 18C G 1B 15C G 3A 15A G 15D 11B G 3A 20C G 20A 20D G 7B 12C G 12A 1C G 7B 3B G
Monte Carlo Beeline 1,Monte Carlo Beeline 2,One,Normal,63,224994,16,5A 5B G 17A 7C G 6A 6D G 11D 18D G 1C 13B G 7A 19C G 6C 1B G 13D 13A G 14B 14D G 13C 7D G 8B 12B G 8C 12A G 14A 15D G 3D 10A G 19B 15C G 16B 20C G 3C 4D G 11C 3C G 12A 9A G 20B 6D G 8B 14D G
Monte Carlo Beeline 2,Tile Skipper,One,Normal,51,194384,22,6C 20D G 6B 11B G 12D 6D G 1A 13A G 4A 2B G 2C 3D G 17D 4B G 1B 18A G 9C 1C G 3B 13C G 18D 3C G 5C 19D G 14C 8A G 10A 19C G 15D 14B G 10C 14D G 14A 9D G
Random,Monte Carlo Beeline 2,Two,Normal,45,149618,20,6A 3B G 18C 17A G 17A 18B G 12C 19D G 17D 3C G 8B 5D G 17C 5C G 16B 8C G 13B 9C G 12B 15B G 11D 13C G 10C 20D G 5D 7D G 9B 12D G 16D 16A G
Random,Monte Carlo Beeline 3,Two,Normal,51,278515,74,19C 8B G 4B 13C G 2C 20B G 6C 3D G 6A 3A G 19D 20C G 5B 20D G 8D 11B G 5C 17A G 18A 5D G 9A 15C G 4C 3C G 5B 2B G 14B 16D G 6B 5A G 1C 7A G 2C 1A G
Kitty Corner,Monte Carlo Beeline 3,Two,Normal,48,250327,40,11A 20C G 5D 6A G 1A 5B G 2B 5A G 4A 17A G 16A 9A G 11D 13D G 15B 5C G 6B 1D G 12D 1C G 9C 10B G 3A 11B G 7A 7D G 8A 19C G 5C 12A G 12B 4D G
Bee Line,Monte Carlo Tree Search,Two,Normal,48,285128,35,9D 17B G 1C 19C G 11C 15C G 3D 19A G 16B 19B G 8A 13A G 16D 19B G 19D 13C G 12C 12A G 3D 20A G 15D 17A G 18A 5B G 16D 8A G 20B 16D G 19A 1B G 1B 5B G
Barricade,Monte Carlo Beeline 3,Two,Normal,48,250248,14,4C 16D G 9C 17C G 9A 9B G 14C 14D G 13C 10C G 9D 4D G 13B 4A G 3B 3A G 2B 2C G 20A 7D G 14B 7A G 7B 12B G 2A 20C G 20D 12C G 6B 5B G 1A 8C G
Bee Line,Monte Carlo Beeline 3,Two,Normal,48,257738,54,14C 20D G 7D 14C G 10B 8A G 17C 5D G 5A 19A G 18C 12B G 10C 13D G 15A 3B G 5B 4B G 14D 12D G 15B 13C G 3D 6A G 11A 6C G 9D 6D G 15D 1A G 9C 18D G
Monte Carlo Beeline 1,Random,One,Normal,51,19923,9,3B 9B G 4A 5A G 8B 5C G 20B 17A G 1B 6B G 10C 19C G 16A 1C G 7D 13B G 17C 17D G 3C 18C G 3D 19A G 20C 2D G 8C 6A G 11D 6C G 15A 9B G 15D 20D G 20D 20A G
Kitty Corner,Monte Carlo Tree Search,Two,Normal,60,311263,8,3A 4C G 20A 4A G 5A 5B G 2A 10A G 15A 20B G 6A 8A G 10D 17C G 20B 15C G 4D 18D G 10B 5C G 8D 2B G 9D 4D G 5C 10B G 17B 10C G 19C 17C G 13A 10C G 12A 17A G 2A 10D G 10A 1C G 20D 10D G
Monte Carlo Tree Search,Barricade,One,Normal,66,343946,36,10A 2B G 10B 20D G 11A 10C G 10D 14C G 14D 11B G 11C 9A G 19B 9B G 2D 14B G 13A 9D G 13C 7B G 17D 13D G 20C 12D G 8C 12A G 17C 8B G 12B 5B G 2A 12C G 6B 6A G 9B 15C G 10A 4A G 2D 20B G 12C 15D G 6A 16A G
Deep Beeline,Monte Carlo Beeline 2,Two,Normal,51,161589,79,20D 20C G 17A 3C G 10C 10D G 2D 9B G 3B 18B G 7D 2C G 18A 19D G 8A 19C G 19B 13C G 14D 2B G 16B 6B G 1A 15A G 9D 12D G 7B 8B G 6A 1D G 13D 12A G 11C 5A G
Monte Carlo Beeline 2,Barricade,One,Normal,60,162627,29,8B 8C G 8A 9A G 5C 5A G 10D 3B G 18B 3A G 4B 16A G 16D 2B G 12A 12D G 10A 14D G 13C 13B G 15C 13A G 14B 7A G 14A 11A G 11D 15A G 6C 12B G 5A 6A G 1C 11D G 5A 6D G 20A 15B G 12A 19D G
Monte Carlo Beeline 3,Tile Skipper,One,Normal,39,203981,28,8A 20D G 6B 14D G 1B 6C G 1A 18A G 5B 2B G 2C 2A G 10B 4B G 4C 10C G 13D 1C G 7A 15D G 14C 7C G 7B 12B G 11C 3B G
Barricade,Monte Carlo Beeline 2,Two,Normal,60,169469,15,4D 4C G 1B 1A G 2B 16C G 10D 5B G 4A 9C G 3C 3A G 8D 18A G 18B 9A G 14B 19D G 11A 5A G 10C 17D G 17A 15A G 10B 8A G 6A 6C G 6B 13D G 13C 14A G 2B 9B G 13A 8D G 8D 12A G 19C 12D G
Monte Carlo Tree Search,Tile Skipper,One,Normal,48,221594,8,3A 20D G 6B 17A G 18D 6C G 1A 17A G 9D 2B G 2C 20A G 13B 4B G 1B 16A G 12C 2A G 4C 10C G 11B 7A G 7D 17A G 13D 4A G 10B 3C G 18B 14A G 14C 20A G
Deep Beeline,Monte Carlo Beeline 3,Two,Normal,78,380059,24,7A 2A G 13D 19A G 3B 16B G 9C 14C G 11D 20B G 20D 4B G 8A 4A G 19B 1C G 16A 5C G 15A 18B G 4C 3C G 17A 17D G 10D 10A G 6A 5A G 17D 1D G 10C 8C G 16D 20D G 13B 17D G 18B 9A G 13A 18B G 17D 20D G 15B 18B G 17D 15A G 17D 18B G 3A 6A G 5C 18D G
Monte Carlo Beeline 3,Deep Beeline,One,Normal,39,139977,60,16A 3C G 4A 18D G 6B 9A G 3B 7C G 20B 8C G 8A 13A G 12C 13D G 14D 10B G 5C 18B G 14A 19A G 19B 13B G 6D 19D G 1A 10C G
Monte Carlo Beeline 3,Bee Line,One,Normal,51,192269,59,15D 4D G 20D 5A G 1C 1B G 5B 19C G 1A 7C G 4B 6D G 18C 16C G 2B 13C G 11D 17C G 3D 8D G 2C 16A G 16D 12B G 14A 13D G 8B 13A G 12D 16D G 8A 12C G 12A 3C G
Tile Skipper,Monte Carlo Tree Search,Two,Normal,45,195152,79,20D 12B G 2D 6B G 6C 13C G 18C 1A G 2B 1B G 2C 3A G 4D 9A G 4C 6A G 1D 14C G 12A 5A G 10A 16B G 1B 3C G 7B 11C G 19B 14B G 18B 2C G
Monte Carlo Beeline 2,Kitty Corner,One,Normal,45,97108,56,15A 9A G 4A 4B G 16B 5A G 1A 17D G 13D 6A G 11A 18A G 4C 5D G 5C 1D G 16C 11B G 9B 7C G 11C 9C G 6C 2D G 12D 5D G 1B 3A G 7B 9C G
Monte Carlo Tree Search,Monte Carlo Beeline 1,One,Normal,66,364463,33,9B 1D G 11B 12C G 7B 8B G 3B 13D G 3A 17D G 20B 20D G 7D 11C G 3C 16D G 20A 8C G 16C 4D G 17A 9D G 4C 14B G 10C 5D G 16A 16D G 16A 15D G 17B 14C G 13B 8D G 8B 7B G 20C 18B G 8C 16D G 17C 18B G 8B 12B G
Monte Carlo Beeline 2,Monte Carlo Beeline 3,Two,Normal,51,292138,0,1A 18A G 14A 5A G 7A 12D G 12A 11C G 17C 16D G 10C 4C G 14B 4A G 9D 8D G 12C 8A G 13C 11D G 3A 9C G 20D 4D G 16C 3C G 15A 2D G 15D 8B G 20A 4D G 3D 15C G
Monte Carlo Beeline 3,Monte Carlo Tree Search,One,Normal,54,423057,69,18B 15A G 14B 3A G 11A 13B G 11B 9B G 4C 9A G 12B 10B G 10C 14C G 7C 7A G 9C 13B G 7B 9C G 8C 2C G 2D 20C G 12C 19A G 19C 8A G 8B 1B G 14A 17D G 20A 20D G 15C 16A G
Monte Carlo Tree Search,Monte Carlo Beeline 3,Two,Normal,48,340283,53,14B 1B G 15A 20D G 19D 16C G 16D 4D G 6B 4A G 9C 13A G 13C 20A G 12C 3A G 11B 20C G 20B 2C G 8D 3D G 9A 5A G 19C 6C G 17B 6D G 13D 8A G 18B 19A G
Monte Carlo Beeline 2,Monte Carlo Tree Search,Two,Normal,63,426965,27,7D 20B G 13B 19B G 17A 18B G 5B 20A G 16A 20D G 1A 18A G 13A 18C G 18D 13C G 15C 6B G 16D 13D G 6A 11B G 9B 6D G 14D 7C G 2D 4A G 10C 5B G 20D 19C G 10C 5B G 9D 14C G 11C 4D G 9C 10B G 3A 9D G
Monte Carlo Tree Search,Monte Carlo Beeline 2,One,Normal,66,397856,60,16A 10C G 18C 19C G 6D 16B G 20C 20A G 3D 9B G 19A 7A G 12A 20D G 4D 13D G 19B 6A G 11D 15C G 13C 1A G 13A 15B G 6C 4A G 2B 15C G 1C 5B G 1B 15C G 17C 2A G 1B 2D G 11A 1D G 11D 3B G 11B 17A G 8D 15A G
Deep Beeline,Monte Carlo Tree Search,Two,Normal,42,139905,34,9C 12A G 20D 6B G 5C 1D G 15A 7D G 2A 18B G 19B 3C G 18A 1B G 9B 10B G 8C 16C G 15A 4B G 3D 11B G 13A 16D G 5B 7B G 15A 17A G
Monte Carlo Beeline 3,Kitty Corner,One,Normal,51,140809,30,8C 13A G 8A 4B G 14A 3A G 2A 20B G 3C 1A G 6A 5A G 10D 8D G 3B 16B G 4D 13C G 2C 15D G 12D 13D G 2C 11A G 15C 4C G 2B 16D G 15A 18B G 8B 16C G 17A 13D G
Monte Carlo Beeline 3,Barricade,One,Normal,54,134266,35,9D 17C G 9A 11D G 19B 14B G 4C 1C G 3D 1A G 6D 13A G 18A 2D G 4A 8A G 2B 2C G 20D 20C G 6C 6A G 8B 15A G 16A 1D G 17C 16B G 15D 17D G 5D 3C G 10B 12A G 10D 19C G
Tile Skipper,Monte Carlo Beeline 3,Two,Normal,48,127203,79,20D 14D G 3B 6B G 6C 9C G 19B 1A G 2B 3A G 20C 2C G 4B 3C G 5B 1B G 2A 16A G 19A 3D G 4C 8C G 16B 7A G 8A 14C G 16D 5D G 12A 11C G 7B 8B G
Kitty Corner,Random,Two,Normal,60,100,24,7A 4D G 15C 2A G 3A 13B G 11D 4A G 9A 4B G 14B 14A G 7D 4C G 20A 3B G 2C 15A G 17D 9B G 7C 6A G 11A 14D G 3A 5C G 20B 10D G 17A 10B G 12C 8C G 2C 17D G 17D 3A G 19A 20B G 15B 3D G
Monte Carlo Beeline 3,Monte Carlo Beeline 2,One,Normal,84,507715,17,5B 8A G 20A 9B G 8B 6C G 18C 18B G 17C 17A G 17B 16B G 1A 18D G 19A 19C G 1C 6D G 2D 7D G 11B 12B G 11A 13D G 12A 13A G 2A 2C G 7C 7B G 11C 16D G 14B 4C G 10B 8B G 9A 13A G 11C 14A G 16D 10A G 2A 13D G 4B 10A G 2A 4B G 18B 18D G 2A 16D G 2C 3C G 2D 7A G
Monte Carlo Beeline 1,Monte Carlo Tree Search,Two,Normal,69,256794,43,11D 7C G 16D 7B G 8B 12D G 16B 7A G 20C 11A G 3B 18B G 20B 19B G 13C 4B G 3C 5B G 8D 11C G 4C 4D G 4A 9C G 17A 14B G 5D 12B G 18C 13C G 9D 13B G 10B 5B G 4D 10B G 13B 8D G 5A 10A G 2C 2D G 10C 10D G 9C 9B G
Monte Carlo Tree Search,Kitty Corner,One,Normal,54,176636,26,7C 2A G 3A 3C G 8C 4A G 9A 14D G 15C 14A G 19A 14C G 11B 3B G 19B 3C G 5C 3B G 4B 12C G 6A 19B G 2C 11C G 5C 3B G 3D 6B G 2D 11D G 1B 17A G 15B 5D G 18D 16D G
Monte Carlo Tree Search,Random,One,Normal,48,156929,33,9B 4D G 5B 8C G 13D 20B G 3C 7D G 15C 10B G 5A 10A G 9D 9A G 15A 11A G 20C 19A G 10C 1D G 6D 5C G 18D 16D G 3B 12C G 14C 6D G 12A 17A G 5A 8A G
Barricade,Monte Carlo Tree Search,Two,Normal,69,225597,6,2C 1C G 16A 1A G 6D 1D G 12C 2D G 6C 15A G 13B 5C G 12A 5D G 8C 3A G 3C 17B G 15C 17D G 4D 2B G 4C 9C G 11A 9A G 18B 11D G 10A 18C G 18A 13D G 18D 15A G 20B 5A G 3B 10C G 10C 17D G 7D 16D G 10C 6C G 5A 8D G
Monte Carlo Beeline 3,Random,One,Normal,48,119810,5,2B 8A G 10D 14A G 18B 16D G 19B 4D G 13A 20A G 19C 20C G 20D 7D G 19D 6D G 7C 13D G 16D 4B G 6A 12B G 6B 16B G 1A 15B G 7D 11A G 11D 12B G 2C 16C G
Monte Carlo Beeline 3,Monte Carlo Beeline 1,One,Normal,54,155075,69,18B 6B G 1B 15D G 6C 13D G 8C 1A G 6A 1D G 15B 5C G 16D 18A G 10A 14B G 12D 12B G 14A 7A G 19C 5A G 17A 17D G 12A 18D G 9D 2D G 7C 9B G 13C 14D G 16A 13B G 2C 3C G
Monte Carlo Tree Search,Bee Line,One,Normal,42,134781,5,2B 17A G 5A 6B G 20A 5D G 18A 18D G 11C 18B G 10C 1D G 20C 19A G 14A 16C G 19B 13D G 9C 2B G 2D 9A G 13B 12D G 8C 9D G 13A 6A G
Monte Carlo Beeline 1,Monte Carlo Beeline 3,Two,Normal,57,141056,63,16D 9A G 15D 14A G 19A 14B G 7A 6B G 1A 13D G 12C 13A G 16B 11B G 6A 6D G 13B 11D G 15C 20D G 4D 3A G 8D 13C G 5C 10A G 3B 20B G 18D 4B G 4A 12D G 14C 3D G 8C 5A G 5B 12A G
Monte Carlo Beeline 2,Random,One,Normal,54,18968,54,14C 4C G 3C 5C G 2A 16C G 6A 1A G 12A 12D G 4B 7B G 12C 19D G 2C 19B G 13C 2B G 10A 11B G 12B 7D G 9D 13D G 17B 16B G 13A 15A G 19C 10A G 13A 18A G 18C 3B G 5D 9B G
Monte Carlo Tree Search,Deep Beeline,One,Normal,60,190045,9,3B 3A G 8D 14A G 20A 20B G 12D 11D G 9A 15A G 8A 18A G 3C 20D G 14D 19A G 19B 9D G 8C 3C G 10C 5A G 19D 13C G 1D 2C G 4D 18C G 14B 11B G 7C 1D G 6D 7C G 2D 16C G 18B 1C G 11B 9B G
Random,Tile Skipper,Two,Normal,51,108,14,4C 20D G 6B 20A G 12B 6C G 1A 5B G 17D 2B G 2C 18B G 13B 4B G 1B 14C G 4C 2A G 3D 9D G 17D 3C G 4D 20A G 8D 7A G 7B 7C G 19C 12D G 19A 17B G 18B 14D G
Tile Skipper,Bee Line,Two,Normal,39,109,79,20D 4D G 6B 11D G 6A 19C G 19A 1C G 1B 16A G 9C 3B G 3C 16C G 16B 4B G 2B 9B G 20B 1A G 4C 7C G 8B 5D G 7A 13C G
Random,Kitty Corner,Two,Normal,42,107,45,12B 20A G 15A 17C G 11D 10A G 5A 7D G 8D 4A G 3A 15B G 18C 4D G 15D 17D G 7D 20C G 4B 19C G 18C 4B G 20D 6D G 2A 4B G 10D 7A G
Barricade,Random,One,Normal,54,167,66,17C 19D G 3C 3A G 8D 9B G 11C 4D G 9A 20D G 1B 1A G 2B 15D G 16C 14D G 11A 11D G 19D 18D G 15A 16C G 6C 6B G 5A 15C G 8B 8C G 12B 19A G 19B 16B G 5D 3C G 10A 10C G
Tile Skipper,Barricade,Two,Normal,57,165,79,20D 17B G 20A 6B G 6C 6A G 11D 1A G 2B 1B G 1C 2C G 4B 1D G 16A 4C G 7A 15A G 15D 8C G 7D 17D G 12C 3C G 7B 8B G 9D 5D G 8D 10C G 8A 9A G 11B 10A G 9C 13A G 9B 14B G
Barricade,Tile Skipper,One,Normal,60,200,66,17C 20D G 6B 6A G 11D 6C G 1A 1B G 1C 2B G 2C 1D G 2A 4B G 4C 20C G 20B 7A G 8C 5B G 16A 7D G 3D 3A G 10D 4A G 5D 15D G 18B 7C G 8B 18A G 18D 9A G 9B 19C G 13C 13D G 14C 19A G
Random,Bee Line,Two,Normal,42,208,5,2B 2C G 19D 12C G 10A 2D G 2A 20B G 7A 20C G 16C 18D G 13C 11D G 20A 18B G 1A 7C G 11B 12B G 6A 20D G 11A 3A G 5A 19A G 14A 4D G
Barricade,Kitty Corner,One,Normal,57,186,14,4C 15A G 10A 10B G 10C 5A G 4A 4B G 4D 3A G 8A 3B G 3C 8D G 8D 5C G 6B 5B G 10D 20D G 20C 5B G 15D 6C G 13D 15A G 17C 12C G 20A 5B G 9B 16C G 11D 5A G 19B 11A G 19A 6A G
Kitty Corner,Barricade,Two,Normal,54,697,8,3A 10B G 3B 4A G 5A 3C G 3D 10A G 15A 4B G 4C 20A G 20C 5C G 14A 5B G 15B 14B G 9D 10D G 10D 9A G 8A 20C G 12A 16C G 16B 8B G 11D 13B G 9C 17C G 20B 12B G 19A 17D G
Random,Barricade,Two,Normal,51,33349,40,11A 4C G 11B 18D G 15A 11C G 11D 9B G 2B 2A G 3B 3A G 18C 1B G 4B 19C G 9C 15D G 20D 9B G 13A 3C G 6A 14D G 12B 20A G 20C 8A G 8A 19D G 16A 5C G 13C 16B G
Kitty Corner,Bee Line,Two,Normal,36,49279,48,13A 4A G 15C 8A G 3A 16C G 5C 2A G 1A 20D G 10D 6A G 6B 4B G 15B 13C G 8D 5A G 5B 6C G 2C 5D G 17C 6C G
Tile Skipper,Random,One,Normal,45,50435,79,20D 9D G 13C 6B G 6C 5D G 4A 1A G 2B 1C G 19C 2C G 4B 10A G 17D 1B G 2A 1C G 9C 3D G 3C 17C G 6D 7A G 12A 19D G 19D 8B G 12D 19B G
Kitty Corner,Random,One,Normal,45,50472,60,16A 17A G 17A 11A G 6A 13A G 6C 1A G 5A 10A G 5D 4A G 16C 10D G 2D 11B G 16D 17B G 15D 4D G 11B 12C G 14C 11C G 4D 19A G 15D 3D G 3B 19A G
Bee Line,Random,One,Normal,39,50627,60,16A 7C G 16C 17B G 18C 7B G 14D 13A G 16B 10D G 6D 17A G 4D 19B G 14A 4A G 17D 7C G 6B 9C G 4B 8A G 11B 18D G 3C 11C G
Tile Skipper,Deep Beeline,One,Normal,42,52564,79,20D 10A G 8D 6B G 6C 13B G 14D 1A G 2B 17D G 8A 2C G 4B 9D G 18A 1B G 2A 9A G 19B 3D G 4C 3A G 20B 4A G 7A 16B G 19D 12A G
Bee Line,Kitty Corner,One,Normal,42,19728,61,16B 20A G 15A 5B G 16A 10A G 5A 11B G 11D 4A G 3A 11A G 1B 10C G 3D 16C G 1A 20C G 3B 6D G 1C 5D G 10C 7D G 12B 3A G 4D 7B G
Barricade,Bee Line,Two,Normal,69,52940,26,7C 8C G 14D 14B G 8A 15D G 10C 3D G 12B 16D G 9D 9A G 4C 11A G 10D 7D G 10A 12A G 7B 15B G 3C 6C G 12D 5A G 6D 12C G 6B 13B G 1D 9B G 20D 6A G 19B 8C G 13A 8A G 17D 9B G 16B 7D G 2D 7B G 17C 7A G 1A 11D G
Random,Deep Beeline,Two,Normal,48,53444,48,13A 17C G 8C 2A G 10C 18D G 3A 8A G 3B 4B G 19A 4D G 15A 20B G 18C 6A G 13D 6C G 5A 19B G 6D 12A G 15B 7D G 5C 15D G 14A 11A G 9B 14C G 1D 7C G
Deep Beeline,Random,One,Normal,51,53443,14,4C 4A G 3D 5B G 9D 16C G 19D 19A G 15A 1D G 8B 12C G 1A 20C G 12B 18D G 16A 6B G 3B 17B G 11A 20D G 20B 20A G 14A 4D G 8C 11B G 18B 8A G 20B 17A G 16D 20B G
Kitty Corner,Monte Carlo Beeline 1,Two,Normal,48,54110,8,3A 10B G 20A 4A G 5A 10C G 16C 10A G 15A 11C G 3D 9A G 1A 13A G 18A 6A G 11A 16B G 8D 9B G 5D 11B G 18B 9D G 4B 17D G 18D 9D G 2C 7C G 12A 5C G
Tile Skipper,Kitty Corner,Two,Normal,48,3893,79,20D 5A G 1A 6B G 6C 2A G 7A 5C G 5B 12A G 17A 2B G 2C 12B G 2D 3B G 3C 17C G 12B 4B G 4C 17B G 2D 8A G 9A 17D G 12D 9C G 9B 18C G 10A 13C G
Bee Line,Tile Skipper,Two,Normal,48,3443,42,11C 20D G 6B 6D G 11A 6C G 1A 3B G 4B 2B G 2C 8A G 12B 7A G 6A 9A G 13B 1D G 1B 9D G 8C 2A G 3D 8D G 9C 3C G 5D 3B G 11B 10C G 14A 13C G
Kitty Corner,Tile Skipper,Two,Normal,60,38168,60,16A 20D G 6B 11A G 6A 6C G 1A 15A G 10A 2B G 2C 5A G 4A 4B G 1B 11B G 16B 1C G 3B 5B G 10B 3C G 4C 11D G 16B 7A G 8D 10C G 16A 8B G 9A 18D G 9C 13C G 12C 9D G 5D 14A G 9B 12A G
Monte Carlo Beeline 1,Kitty Corner,One,Normal,45,88961,66,17C 18A G 13A 18B G 3D 8A G 3A 19D G 10A 2A G 1A 2B G 14B 1B G 2D 19C G 4A 18C G 8D 3C G 6D 18C G 18D 5C G 12B 2A G 20A 20D G 7A 11A G
Tile Skipper,Monte Carlo Beeline 1,Two,Normal,51,89955,79,20D 4C G 8A 6B G 6C 11B G 6A 1A G 2B 1B G 7D 2C G 4B 2D G 18A 4D G 5A 9A G 12B 1C G 2A 15A G 14C 3C G 9C 13C G 5B 9B G 14A 17A G 19C 16D G 12D 13A G
Monte Carlo Beeline 1,Tile Skipper,One,Normal,42,91371,37,10B 20D G 6B 2B G 17C 6C G 1A 17B G 5D 2D G 2C 18D G 8D 3A G 4B 19D G 19B 1C G 4C 16A G 19A 5B G 4A 18C G 11C 8A G 9A 11B G
Random,Monte Carlo Beeline 1,Two,Normal,48,93256,21,6B 1B G 13B 13A G 8D 11C G 18C 20D G 20C 8A G 1C 16C G 20A 9B G 13C 4C G 5C 3D G 17D 19B G 16B 4D G 4A 20D G 10C 12D G 2C 16B G 13D 18D G 18B 19A G
Bee Line,Barricade,Two,Normal,66,40773,26,7C 15B G 7A 3A G 3B 4B G 2B 9A G 4D 3C G 3D 10C G 1B 1A G 11A 6B G 14D 6D G 1D 20D G 19C 19A G 14A 9A G 20D 10B G 18D 8B G 20B 13A G 8D 6B G 16B 4B G 14C 20B G 20A 1D G 15B 2D G 14B 19A G 6C 16B G
Monte Carlo Beeline 1,Bee Line,One,Normal,54,93504,66,17C 7D G 14C 14D G 11D 7B G 16D 2B G 8B 7A G 20A 9D G 16A 7C G 10D 12C G 6C 1C G 1A 4A G 10A 14A G 5C 4C G 15D 13C G 13A 18D G 6D 7D G 15A 6D G 13B 19B G 2C 18B G
Monte Carlo Beeline 1,Deep Beeline,One,Normal,54,96127,14,4C 4D G 6D 4B G 19D 19A G 9B 20A G 14B 16B G 8C 3B G 20C 14C G 20B 2C G 16A 7B G 17A 12D G 15D 10C G 16D 11C G 7C 17D G 2A 5C G 10C 13A G 1A 10A G 15A 6C G 11D 2A G
Bee Line,Deep Beeline,Two,Normal,45,44569,38,10C 10B G 12D 7A G 14A 14C G 14D 3B G 4B 20A G 17B 4C G 2B 19D G 2A 2D G 1B 5B G 5A 13B G 8A 9D G 3D 3C G 4D 1A G 8D 12B G 13A 18D G
Barricade,Monte Carlo Beeline 1,Two,Normal,57,98557,70,18C 18B G 1D 10B G 18A 14D G 4A 4B G 4C 16B G 9B 4D G 14A 11D G 13B 16C G 20B 3B G 12D 19A G 7B 7A G 8B 16D G 12A 8A G 3D 12B G 18A 8C G 3A 14B G 3C 2B G 11B 15A G 7B 2C G
Kitty Corner,Deep Beeline,One,Normal,66,51321,0,1A 18C G 13B 2A G 3A 18A G 2B 8A G 13A 19B G 19A 9A G 4A 20C G 6B 5A G 6A 19D G 15B 3B G 1B 20D G 16D 13C G 8C 6D G 6D 15A G 1A 11B G 17C 8B G 2B 6D G 11C 1D G 2D 7B G 10A 2D G 6C 15B G 9C 1A G
Barricade,Deep Beeline,Two,Normal,60,68412,38,10C 10B G 12D 14C G 10A 12A G 7D 20D G 15D 13A G 4D 3C G 13D 10D G 17A 15B G 2C 2B G 9D 8C G 2A 7C G 6A 17D G 3B 18D G 4B 18A G 5B 18B G 1A 18A G 15A 1C G 19B 20B G 10A 9B G 9A 15B G
Deep Beeline,Tile Skipper,One,Normal,54,81410,2,1C 20D G 6B 13A G 3C 6C G 1A 18C G 19C 2B G 2C 9B G 18A 4B G 1B 19B G 1D 2A G 3D 7A G 5A 4C G 4A 10C G 14A 8A G 9D 12A G 7B 14B G 17C 12D G 1D 8A G 10A 1D G
Deep Beeline,Bee Line,One,Normal,57,81932,2,1C 9C G 11D 15C G 16C 10C G 9A 17D G 8B 6C G 10D 1B G 5C 15B G 14B 9D G 6A 2C G 7B 13C G 13D 3C G 3A 14D G 19D 7A G 11C 7D G 3D 11D G 11C 20B G 18B 4C G 7A 18D G 19A 9C G
Kitty Corner,Monte Carlo Beeline 2,Two,Normal,45,138852,20,6A 17C G 13A 1A G 2A 14D G 15D 3A G 8A 15A G 6B 5A G 7A 12C G 15C 12A G 10A 18B G 14C 10B G 7C 20D G 12B 5C G 10C 20B G 19D 7C G 5B 11A G
Monte Carlo Beeline 1,Random,One,Normal,45,85716,49,13B 11D G 9A 15D G 19D 8B G 16A 5A G 2B 13A G 12A 6C G 3C 10C G 20A 19A G 18D 17B G 20A 11C G 13C 17D G 11A 6A G 3A 13A G 12C 6D G 1C 7C G
Tile Skipper,Monte Carlo Beeline 2,Two,Normal,48,140744,79,20D 8C G 13A 6B G 6C 14A G 1B 1A G 2B 19B G 16C 2C G 4B 19D G 3B 4C G 1C 18A G 18C 2A G 7A 16D G 9C 7D G 7B 8B G 9A 3C G 12D 5A G 10A 16B G
Deep Beeline,Monte Carlo Beeline 1,Two,Normal,54,88931,72,19A 15C G 2A 18A G 4A 5A G 16D 11B G 5B 16B G 1B 1C G 18B 17B G 1A 17A G 8A 1D G 14C 12A G 16C 17D G 7D 10D G 7B 3D G 8B 12D G 8C 13A G 14B 7A G 10B 17D G 20B 10B G
Bee Line,Monte Carlo Beeline 1,Two,Normal,48,50766,70,18C 15C G 19B 16C G 16B 1A G 16A 18D G 15B 6D G 15A 19C G 19A 1D G 6A 2A G 13B 7D G 8B 3C G 3A 5C G 17A 3B G 2B 8D G 10B 4D G 9A 9C G 14B 4C G
Deep Beeline,Barricade,Two,Normal,108,10366,41,11B 11A G 6D 6A G 3C 3A G 8D 4A G 20A 4D G 4B 5B G 8C 4C G 7A 14C G 9C 15B G 15C 16A G 7D 1D G 5A 5D G 8B 10C G 12A 12C G 9A 3B G 13D 17A G 9A 11D G 12A 8C G 18B 2C G 3A 5C G 5C 15C G 15C 17B G 1B 11D G 17C 14B G 1B 3D G 1D 7D G 8B 3C G 13A 5B G 1B 4A G 1C 8B G 18C 13D G 3D 11B G 8B 11A G 1C 7D G 12B 11D G 15B 6C G
Deep Beeline,Kitty Corner,One,Normal,60,29278,46,12C 7A G 2A 4B G 13C 3A G 4A 5B G 9A 1A G 8A 13D G 5A 13A G 18A 17B G 16B 1C G 18B 16C G 20D 18B G 18B 10D G 10A 1C G 2C 10B G 15C 2B G 3D 16D G 15B 8A G 19B 6B G 15A 19B G 13A 3B G
Monte Carlo Beeline 2,Deep Beeline,One,Normal,45,172210,66,17C 17B G 18C 8B G 9C 5A G 3D 14C G 8C 11B G 15B 20C G 13C 1B G 16C 16A G 3C 4A G 11A 18D G 20A 4B G 7C 9B G 14D 19A G 19B 20D G 15C 14B G
Monte Carlo Beeline 1,Barricade,One,Normal,71,85351,37,10B 10A G 15D 12B G 10C 14C G 5D 5B G 17C 5A G 1B 4A G 3A 3B G 3C 19B G 9B 3D G 9A 1A G 2C 1C G 18B 19A G 13B 20B G 9D 15C G 6C 20D G 16C 18A G 11D 1B G 9D 18C G 18D 11B G 16C 19C G 6B 16C G 2D 6A G 19A 18B G 5A 19A
Monte Carlo Beeline 2,Bee Line,One,Normal,54,188382,37,10B 17A G 14D 4B G 18A 10C G 19A 16B G 15B 5A G 5D 17B G 1C 2C G 7D 12D G 13A 6A G 6C 1D G 9A 16C G 20A 11B G 7B 11A G 17A 13D G 9C 13C G 5C 3C G 8D 19B G 19B 7C G
Bee Line,Monte Carlo Beeline 3,Two,Normal,45,204229,58,15C 1A G 10A 15A G 5B 12B G 20B 3C G 4D 5C G 2A 13B G 20C 12A G 19D 14C G 16A 14D G 17A 18B G 13D 13A G 18A 20D G 16D 17D G 18C 3D G 18D 17B G
Random,Monte Carlo Beeline 2,Two,Normal,80,210426,42,11C 1B G 6A 5D G 11A 16C G 17B 8A G 5D 11D G 1C 7A G 8C 6D G 8D 15A G 16B 3D G 13A 20A G 7C 14D G 20C 3A G 7A 9B G 14A 9D G 5C 13D G 2C 8C G 4A 9A G 13B 18D G 18D 20B G 9C 18D G 10C 17D G 18C 16B G 4A 18C G 9A 8C G 14C 15A G 20A 7B G 16B 20A
Bee Line,Monte Carlo Beeline 2,Two,Normal,57,210525,33,9B 10B G 11B 4B G 19C 9A G 14C 19B G 14A 9D G 6C 13A G 16B 13B G 8B 10D G 15C 20B G 18B 5A G 15A 20D G 8D 17A G 12C 17C G 12B 16D G 12C 8C G 12A 17B G 3D 12D G 7B 14A G 9B 2C G
Monte Carlo Beeline 2,Kitty Corner,One,Normal,39,121237,72,19A 13A G 8A 11B G 16D 3A G 2A 18D G 20A 1A G 6A 16B G 1B 6C G 6D 2D G 14A 3B G 3C 15B G 1D 8D G 1C 15D G 9B 17A G
Kitty Corner,Monte Carlo Beeline 3,Two,Normal,39,212705,28,8A 16D G 15D 3A G 4A 14B G 20D 5A G 10A 14C G 7B 15A G 5D 8B G 5C 5B G 4D 16B G 12B 10D G 3C 1D G 13B 3C G 4D 13C G
Deep Beeline,Monte Carlo Beeline 3,Two,Normal,45,214239,37,10B 8B G 5B 10C G 16B 5D G 8D 9D G 6D 16A G 15A 17A G 9A 17B G 3C 16C G 5C 1A G 1D 6C G 3A 20D G 15B 2C G 3B 4A G 18A 6B G 11A 18B G
Kitty Corner,Monte Carlo Tree Search,Two,Normal,48,230066,12,4A 7B G 1A 5A G 3A 12C G 15C 10A G 15A 20C G 6C 20A G 20D 14A G 8C 20B G 4C 6A G 10C 3D G 10B 15D G 18C 15B G 9A 12D G 12A 17A G 15A 12A G 7B 9D G
Random,Monte Carlo Tree Search,Two,Normal,48,233965,74,19C 20C G 5B 20A G 10A 6B G 14B 14A G 9B 1C G 3D 8C G 18D 16A G 14C 12A G 9D 20C G 17D 17B G 12B 14C G 15D 19C G 15B 14C G 5C 12D G 18A 5A G 6C 8D G
Monte Carlo Beeline 2,Monte Carlo Beeline 1,One,Normal,69,234683,14,4C 4D G 1B 3B G 6D 18B G 12C 19C G 3C 19A G 3D 19D G 20C 2D G 4B 5B G 2A 14A G 9B 13C G 13D 15A G 20A 1D G 15C 8D G 11A 16B G 16C 16A G 8A 12D G 10A 17C G 16D 10B G 9A 11C G 11D 13A G 13A 11D G 11D 16C G 7B 13D G
Tile Skipper,Monte Carlo Tree Search,Two,Normal,48,244013,79,20D 20A G 16D 6B G 6C 3D G 12B 1A G 2B 2A G 4C 2C G 4B 2D G 19A 1B G 3B 6D G 7D 3C G 4D 13A G 4C 7A G 8A 13B G 18B 7B G 8D 18D G 17A 8B G
Monte Carlo Beeline 2,Random,One,Normal,45,157716,10,3C 18A G 8A 14C G 20D 4A G 11B 4B G 9B 11C G 17C 5C G 19A 10B G 7C 9A G 19B 8C G 4C 9C G 13C 17D G 13B 1C G 15B 11A G 11B 19C G 6C 13A G
Deep Beeline,Monte Carlo Beeline 2,One,Normal,57,111611,67,17D 17C G 19A 14D G 4A 17B G 2C 5B G 15B 10B G 10A 5C G 11A 16A G 7C 16C G 20B 7A G 13D 14C G 7B 8B G 20D 20C G 12B 8A G 6A 18D G 13A 8A G 6B 13B G 6D 8C G 20A 8D G 20C 19C G
Bee Line,Monte Carlo Tree Search,Two,Normal,57,255284,14,4C 2C G 13D 4B G 1A 9B G 7C 1C G 11C 16A G 14C 11B G 11A 6D G 6A 8B G 3C 16A G 6B 16D G 4D 8A G 2B 17B G 15C 14D G 16B 19B G 20D 12C G 19A 17B G 5C 3D G 13D 1B G 19B 18C G
Monte Carlo Beeline 2,Barricade,One,Normal,75,274042,66,17C 17B G 17A 2C G 4B 2A G 7D 12A G 5D 3D G 4A 8A G 9C 5B G 8B 16C G 15A 8C G 16A 13C G 18C 11C G 9A 5C G 20A 13D G 13A 14C G 1A 18D G 19B 9B G 14D 19C G 6B 14A G 6C 8C G 5B 6A G 6C 6D G 5B 6A G 11A 17D G 1B 6B G 9A 5B G
Monte Carlo Beeline 3,Random,One,Normal,48,179836,79,20D 20A G 8A 3D G 10B 12D G 2D 4C G 13B 8D G 14D 15B G 7B 19B G 3A 3C G 10D 14A G 11C 16D G 16A 6B G 9B 15A G 7D 17B G 11A 14B G 4D 11A G 17D 9A G
Deep Beeline,Monte Carlo Tree Search,Two,Normal,51,226681,20,6A 12C G 14D 1A G 12A 20D G 10B 5B G 8C 9C G 19D 11D G 8B 11C G 20D 14C G 2B 9A G 19A 4D G 3C 8D G 9C 20C G 20B 15D G 13B 18A G 15A 9B G 20C 4C G 16B 18B G
Monte Carlo Beeline 1,Monte Carlo Beeline 2,Two,Normal,63,117076,26,7C 7D G 14D 7A G 14C 19D G 8B 3B G 16D 2B G 12C 15B G 5A 10D G 18B 18C G 13C 17B G 9C 9A G 17A 5B G 5C 10A G 15D 10C G 1D 4A G 5D 1A G 16C 15C G 11D 2A G 16B 11D G 5A 20D G 4D 3C G 9A 18C G
Monte Carlo Tree Search,Kitty Corner,One,Normal,51,199466,67,17D 15A G 10A 3D G 4B 5A G 4A 4C G 17B 3A G 8A 13C G 12D 5B G 3B 2B G 7C 8B G 15D 2B G 6C 5D G 5B 14C G 6A 5C G 3A 11C G 11B 4D G 15C 19B G 6D 8B G
Barricade,Monte Carlo Tree Search,Two,Normal,63,293796,70,18C 15B G 9D 9A G 14B 16D G 12A 4C G 12B 11D G 5D 5A G 10C 17D G 15A 15D G 15C 6A G 5D 12D G 6B 17A G 11C 6D G 8B 8A G 12C 1A G 4B 1B G 12A 9B G 3D 11D G 11B 6B G 6B 20A G 3A 18A G 13A 8A G
Monte Carlo Beeline 3,Deep Beeline,One,Normal,54,207763,46,12C 12A G 10D 7A G 17A 14A G 12B 2A G 8D 19C G 6C 4A G 2B 5A G 19B 16D G 3D 8C G 4D 8A G 9B 20D G 5B 1D G 13C 11C G 16B 18B G 11A 3A G 9C 9A G 3A 6D G 16C 11C G
Monte Carlo Tree Search,Monte Carlo Beeline 1,One,Normal,66,310140,44,12A 17C G 10A 19B G 17D 11D G 15A 10C G 19D 5A G 12B 16D G 3D 4A G 18A 5C G 5B 7A G 14C 7D G 14A 2A G 2B 3B G 8A 15D G 3C 5D G 19A 3C G 16A 16D G 3B 9C G 4B 5C G 18D 2D G 17A 14D G 8A 13B G 9A 16B G
Monte Carlo Tree Search,Random,One,Normal,57,219999,71,18D 17D G 5A 16A G 16B 9C G 9D 13B G 8C 9A G 3D 3A G 5D 17B G 9D 4C G 2D 8D G 2C 6D G 18D 15A G 4A 16B G 2A 10A G 7D 1C G 3B 4A G 12C 1A G 11B 10A G 12D 15C G 16D 9B G
Monte Carlo Tree Search,Barricade,One,Normal,72,313969,69,18B 10A G 18A 7B G 1C 1A G 6D 19A G 14B 2D G 7A 14C G 16A 12D G 19D 14B G 8A 16D G 17A 4D G 20D 16B G 14D 20C G 7D 12B G 2B 2C G 5A 3B G 4B 11D G 4A 15A G 17A 8D G 14C 4B G 5A 13A G 11C 2B G 4B 8C G 17B 13D G 2B 13A G
Monte Carlo Beeline 3,Monte Carlo Beeline 2,One,Normal,60,315889,69,18B 10A G 1B 2C G 12A 8D G 17D 17A G 3B 12B G 7A 9D G 14A 4C G 16D 8C G 8A 13D G 17C 4A G 6A 2D G 19C 16A G 11C 4D G 15D 11D G 13C 15B G 5C 9B G 11A 5A G 20D 16C G 9B 8B G 17D 12D G
Barricade,Monte Carlo Beeline 2,Two,Normal,57,231026,54,14C 14D G 3D 3A G 8C 4C G 1D 1A G 6C 1B G 18A 2B G 5B 5A G 9A 9D G 19A 2D G 17B 5C G 4D 10C G 16A 10A G 14B 11A G 6D 14C G 5B 16B G 16C 5B G 19B 11D G 11B 12D G 2A 7B G
Monte Carlo Beeline 2,Tile Skipper,One,Normal,45,88815,41,11B 20D G 6B 3B G 13B 6C G 1A 18B G 18A 2B G 2C 2A G 20B 4B G 1B 16A G 4D 4C G 7A 19B G 3C 8C G 7D 13D G 16B 7B G 4A 16D G 19C 8A G
Monte Carlo Tree Search,Deep Beeline,One,Normal,63,247288,32,9A 7B G 11D 5B G 1C 3C G 14B 15C G 4D 18D G 16C 7C G 13C 16B G 4B 5D G 8D 1A G 2B 2C G 1D 18C G 5C 8C G 10B 8A G 17A 1D G 5D 20C G 19B 2C G 19A 20A G 19D 15D G 9B 10A G 8B 19A G 5B 4B G
Random,Monte Carlo Beeline 3,Two,Normal,48,131259,64,17A 3C G 14A 18C G 13B 6B G 9D 12C G 9A 11A G 10D 12A G 11D 15A G 14C 17A G 5D 16A G 19D 13C G 1A 16C G 1B 20A G 7A 1C G 20C 1A G 12D 7C G 2B 17D G
Tile Skipper,Monte Carlo Beeline 3,Two,Normal,45,135148,79,20D 12A G 1A 6B G 6C 4D G 4C 5C G 5B 16B G 2B 3B G 1B 5A G 13B 1C G 3C 17A G 13D 4B G 3A 20C G 18C 2C G 7A 13A G 15D 8A G 10C 14D G
Monte Carlo Tree Search,Monte Carlo Beeline 2,One,Normal,63,400475,61,16B 17C G 4B 18A G 3C 20D G 19D 3B G 13A 3A G 16A 7D G 12B 2D G 10A 2A G 16C 2C G 19C 7C G 11B 7A G 5C 3D G 1C 11A G 11D 6B G 16C 11C G 6A 8D G 7D 6D G 14D 17D G 16C 2C G 9D 8C G 18D 14B G
Monte Carlo Beeline 3,Tile Skipper,One,Normal,51,134233,8,3A 20D G 6B 14A G 4A 6C G 1A 18A G 1D 2B G 2C 19B G 2A 4B G 1B 20B G 16A 4C G 7A 20C G 12D 7C G 7B 7D G 9A 5D G 9D 5A G 12B 12A G 8B 17A G 17C 13A G
Barricade,Monte Carlo Beeline 3,Two,Normal,54,141116,69,18B 19D G 3B 3A G 4B 18A G 3C 2B G 8D 17C G 20D 4D G 17A 7B G 17D 11C G 19C 2D G 6A 20A G 13C 6D G 15B 12C G 16A 10A G 10D 20A G 8A 11B G 6C 9B G 5A 14D G 10C 3D G
Monte Carlo Beeline 3,Barricade,One,Normal,63,176479,31,8D 16D G 8A 14A G 15A 13B G 3C 11D G 11B 11A G 6D 13A G 3A 3B G 16B 18A G 2C 2A G 6B 6C G 20B 10B G 20C 4A G 19A 10D G 1D 18B G 5D 7B G 4C 5A G 5B 1C G 1A 1B G 20A 17A G 12C 10A G 10B 1A G
Monte Carlo Tree Search,Bee Line,One,Normal,60,196212,44,12A 16C G 16A 13C G 2D 13D G 13A 18C G 14B 12C G 8A 17C G 6B 17D G 8B 17A G 9C 3C G 11C 10B G 15B 7A G 7B 4C G 19C 3A G 5B 9C G 14A 8A G 3D 5A G 7D 8C G 20A 12D G 12B 15C G 20C 18A G
Monte Carlo Tree Search,Monte Carlo Beeline 3,One,Normal,66,490595,72,19A 12C G 20B 8A G 15A 15D G 8C 16B G 4A 16C G 11C 20A G 9D 13C G 11B 13D G 3B 14B G 1A 9B G 18C 5C G 9A 1D G 6A 3A G 3C 9C G 10A 17C G 5B 4B G 14D 5B G 14B 1D G 15A 5B G 3C 2B G 5D 8C G 20B 9D G
Monte Carlo Beeline 2,Monte Carlo Tree Search,Two,Normal,63,410457,6,2C 15B G 17C 15C G 20B 11B G 4D 6C G 1A 6B G 8D 12C G 18C 12A G 5A 8A G 13D 8B G 6A 13C G 14D 1D G 19C 14B G 4B 9A G 18B 14A G 7A 10D G 11A 13A G 19A 7C G 7B 12C G 9B 15B G 11D 15C G 4B 6D G
Monte Carlo Beeline 3,Kitty Corner,One,Normal,48,126633,26,7C 5A G 1A 18A G 16D 2A G 7A 2B G 19A 12A G 17A 3C G 5B 17B G 12B 19B G 8B 7B G 5D 20C G 20B 1C G 1B 9A G 13D 10C G 7B 8A G 20A 2A G 6C 20D G
Monte Carlo Tree Search,Tile Skipper,One,Normal,75,245112,18,5C 20D G 6B 13C G 7C 6C G 1A 1B G 13B 2B G 2C 9B G 12D 4B G 4C 6A G 12D 7A G 8C 11C G 8D 2A G 3B 5A G 8D 4A G 8A 5D G 12D 8B G 12C 18A G 10D 14B G 17D 8D G 9C 17B G 16D 3C G 9C 2C G 9D 12D G 10D 14B G 9D 19C G 5A 9D G
Monte Carlo Beeline 1,Monte Carlo Tree Search,Two,Normal,84,300616,67,17D 12B G 11D 11B G 11C 16D G 8D 12A G 12C 7B G 14B 14A G 10A 12D G 10B 7A G 20C 10D G 19D 9D G 5D 5A G 2C 15B G 15A 6C G 11D 19C G 15D 1D G 1D 20B G 4B 7B G 6A 1A G 1B 2A G 13C 19B G 9A 15C G 2A 15B G 13C 3A G 11D 8B G 4B 4D G 5B 1B G 5D 1D G 7B 11A G
Monte Carlo Beeline 3,Monte Carlo Beeline 1,One,Normal,48,137691,74,19C 10D G 11A 15C G 2B 20A G 7A 8B G 2C 12B G 8A 3C G 13B 3A G 4A 20C G 6D 19D G 2D 1A G 8C 5A G 13C 15D G 6A 9C G 5B 1C G 8D 17A G 18B 18A G
Monte Carlo Beeline 3,Bee Line,One,Normal,48,113480,16,5A 17A G 3A 2B G 20C 18A G 8D 16B G 11C 13D G 20A 19B G 2A 16A G 12A 16D G 7C 14A G 15B 7A G 12C 9D G 10A 9C G 10C 3B G 18A 19C G 10B 15C G 14B 6D G
Monte Carlo Beeline 2,Monte Carlo Beeline 3,Two,Normal,54,178228,9,3B 2D G 5A 13D G 14B 12A G 3A 7D G 19B 4A G 11C 3D G 1C 15A G 20D 5C G 20C 8C G 10A 6A G 16C 6B G 1A 11D G 16A 16B G 8A 18D G 6D 8D G 17A 6C G 19D 17B G 9B 1B G
Monte Carlo Beeline 1,Monte Carlo Beeline 3,Two,Normal,54,118831,9,3B 6C G 19B 12D G 8B 3A G 9D 4A G 18B 13B G 5D 5A G 10A 18D G 2A 16D G 18C 11D G 8D 20A G 20C 2C G 15C 19D G 19C 15D G 20D 14C G 11C 2D G 1C 14A G 14D 7C G 3C 5C G
Monte Carlo Beeline 3,Monte Carlo Tree Search,Two,Normal,102,712999,1,1B 15D G 17A 11D G 16B 6D G 5C 6C G 6A 1A G 18D 18A G 13D 18B G 16A 19B G 1C 18C G 15D 12C G 13C 1A G 11C 19C G 14D 9B G 19A 9D G 14A 9A G 19A 10C G 5D 14B G 11C 9C G 8C 13B G 3C 19C G 8D 5C G 20C 13A G 19B 14C G 12B 14D G 9C 11C G 12D 20B G 19B 17C G 9A 19C G 2D 17A G 10B 9D G 19C 10B G 20A 19C G 9A 16B G 12A 8D G
Tile Skipper,Bee Line,One,Normal,48,102,79,20D 5A G 1B 6B G 6C 17C G 16D 1A G 2B 4D G 18C 2C G 4B 10A G 19D 4C G 1C 18B G 10D 2A G 3B 19A G 17B 7A G 8A 14C G 19B 9A G 12C 8C G 16A 13C G
Random,Tile Skipper,Two,Normal,45,108,39,10D 20D G 6B 15B G 19C 6C G 1A 10A G 4C 2B G 2C 5A G 15B 4B G 1B 2A G 2D 3B G 3C 16D G 14B 4D G 7A 19A G 12C 7B G 9A 11C G 18A 9C G
Tile Skipper,Barricade,Two,Normal,66,101,79,20D 9C G 20A 6B G 6C 6A G 11D 1A G 2B 1B G 1C 2C G 4B 1D G 5B 4C G 7A 5D G 15A 8C G 7D 16A G 4A 3C G 7B 12D G 11C 8B G 10A 8A G 14D 10B G 11B 19C G 2D 12C G 14A 14B G 13B 14C G 17A 1B G 9C 18C G
Random,Bee Line,Two,Normal,39,117,43,11D 19B G 14D 13A G 16C 4C G 4A 14C G 13C 19C G 14A 7D G 16C 9D G 2B 7B G 15A 4B G 14B 2A G 7D 3B G 20A 8C G 17A 3C G
Random,Kitty Corner,Two,Normal,39,123,16,5A 1A G 2A 13B G 1B 3A G 8A 16A G 19B 13A G 18A 19B G 16D 8B G 13C 5C G 9A 3B G 13D 16B G 19B 18D G 3C 5A G 4C 20C G
Kitty Corner,Barricade,Two,Normal,66,145,12,4A 2C G 4B 5A G 1A 1B G 1C 6A G 11A 1D G 4C 16A G 5D 10C G 9C 16D G 6C 10D G 7A 11D G 5D 11C G 16C 6D G 18A 7B G 8D 16A G 6B 15A G 8A 14B G 16B 9D G 9B 6B G 11D 14D G 13D 18D G 18D 13C G 8B 18C G
Barricade,Tile Skipper,One,Normal,78,146,34,9C 20D G 6B 6A G 11D 6C G 1A 1B G 1C 2B G 2C 1D G 2A 4B G 4C 7D G 5B 7A G 8C 9D G 15A 8B G 10A 5D G 12B 4A G 8A 13D G 12C 10B G 12D 11C G 15D 14A G 17D 14C G 2A 18C G 18D 11D G 11A 7C G 18A 1B G 6D 17A G 16D 14C G 5B 2C G 4C 14C G
Barricade,Random,One,Normal,51,162,6,2C 14A G 19C 14B G 14C 7B G 10C 10A G 5D 17B G 19D 14D G 17A 1A G 16B 1C G 1D 18C G 5B 19B G 18A 1B G 2B 2D G 6D 17D G 19A 6A G 6C 18D G 11D 15A G 8A 20A G
Tile Skipper,Random,One,Normal,39,112,79,20D 14A G 19B 6B G 6C 2C G 12C 1A G 2B 17C G 14C 3A G 4D 9B G 4B 4C G 1C 12B G 17B 7C G 3B 18B G 10C 3C G 8A 18D G
Tile Skipper,Kitty Corner,Two,Normal,42,112,79,20D 3A G 4A 6B G 6C 5A G 10A 1A G 2B 15A G 20A 2C G 4B 5C G 20B 1B G 2A 4D G 20C 7A G 7D 20C G 20A 7B G 12D 8A G 11B 12C G
Kitty Corner,Random,One,Normal,42,151,56,15A 20B G 11A 10A G 5A 12B G 20C 4A G 3A 13D G 1A 8A G 8D 9A G 3B 15C G 10B 12D G 17D 5B G 4C 1B G 2B 8D G 18D 16A G 20C 13B G
Kitty Corner,Tile Skipper,One,Normal,42,162,28,8A 20D G 6B 3A G 4A 6C G 1A 5A G 10A 2B G 2C 15A G 8B 4B G 1B 3D G 8D 2A G 7A 5C G 4C 7D G 7B 10B G 10C 12D G 14C 5B G
Kitty Corner,Bee Line,One,Normal,42,241,72,19A 9B G 6D 14A G 9A 13B G 7D 4A G 3A 8D G 8C 2A G 4B 13A G 8A 3D G 3B 12B G 7A 3D G 19C 7C G 8C 19D G 16B 20D G 16C 11D G
Bee Line,Tile Skipper,One,Normal,39,285,31,8D 20D G 6B 13A G 14A 6C G 1A 15D G 15A 2B G 2C 10B G 9B 4B G 1B 17D G 17A 2A G 3D 19B G 5C 4C G 4A 18B G 19A 7A G
Barricade,Kitty Corner,One,Normal,57,21573,45,12B 11A G 6A 6B G 6C 1A G 5A 1B G 1C 4A G 9A 1D G 4B 11B G 11D 6D G 16D 11B G 5C 16C G 2D 9C G 9C 13B G 13C 18D G 9C 14D G 17C 20B G 19C 16A G 15D 9B G 9B 10A G 20A 11B G
Bee Line,Random,One,Normal,48,21745,18,5C 15A G 4C 1B G 12B 17A G 18B 12A G 2A 16C G 13C 12C G 17D 4C G 8C 5B G 7D 2C G 10B 3B G 8A 18B G 16A 3A G 3C 7A G 18B 8D G 4B 15C G 4C 5B G
Bee Line,Kitty Corner,One,Normal,36,21817,10,3C 6A G 1A 15A G 10D 2A G 3A 20D G 18B 8A G 13A 4A G 4B 13D G 13B 5C G 5A 13D G 1D 5B G 18D 13B G 6B 3B G
Barricade,Bee Line,One,Normal,63,21923,45,12B 6D G 16B 6A G 11B 13B G 13A 1C G 13C 5D G 1B 2B G 5B 16A G 10D 13D G 10C 5C G 15C 10A G 15B 4A G 3C 4D G 9D 19C G 10D 3B G 8C 11D G 8B 8A G 5B 20A G 18C 12D G 11B 20D G 9C 9B G 1C 4D G
Bee Line,Barricade,One,Normal,135,22139,53,14B 1D G 14A 13D G 12A 12B G 12C 3C G 9C 3A G 8D 4A G 3B 4B G 9A 10B G 11A 4D G 13C 15A G 15C 18A G 10A 7C G 5A 7A G 6B 3B G 11C 11D G 16C 2A G 16B 9A G 6C 2D G 16A 18D G 19A 20B G 9C 17D G 19A 5A G 13A 14C G 12C 16D G 15D 12C G 1D 17B G 11A 12B G 18A 20D G 10C 14D G 19C 17C G 3C 6A G 1B 7B G 13D 19B G 10D 10B G 9D 14A G 12B 9D G 10C 13C G 13C 4D G 13B 9B G 1D 13A G 15A 3A G 6D 15D G 5D 8D G 4B 12D G 15A 19D G
Deep Beeline,Kitty Corner,One,Normal,48,28768,18,5C 5A G 1A 12C G 13D 2A G 7A 10B G 18D 12A G 17A 16B G 6B 7C G 7C 7B G 14A 12B G 7C 12D G 17C 2D G 5D 9B G 11C 2B G 12B 14D G 9A 1C G 9D 9C G
Kitty Corner,Monte Carlo Beeline 1,Two,Normal,54,29355,60,16A 2C G 4A 11A G 6A 14B G 12C 1A G 5A 4B G 4C 7A G 2A 18A G 3A 15A G 10A 19B G 17A 12A G 12D 18B G 10D 2D G 7B 19A G 15C 1B G 2D 10B G 19D 5A G 7A 20C G 13A 1B G
Deep Beeline,Random,One,Normal,54,29344,45,12B 10C G 10A 12C G 11D 8A G 9B 10B G 9D 13C G 1B 4D G 14A 3B G 14C 16D G 7A 11B G 3B 17C G 15D 2C G 10D 5B G 15C 6C G 2D 11C G 15A 5A G 20C 19B G 17B 20B G 2C 19B G
Monte Carlo Beeline 1,Bee Line,One,Normal,45,29530,34,9C 20A G 12A 7C G 2C 3A G 12D 8C G 3B 16B G 8A 4A G 12C 19A G 13D 10A G 17C 18A G 19B 10B G 18C 13A G 8B 19C G 14B 11C G 11C 15A G 6A 20B G
Deep Beeline,Tile Skipper,Two,Normal,45,29433,45,12B 20D G 6B 12A G 1A 6C G 5C 4B G 18C 5B G 2B 18B G 7D 2C G 3B 2D G 17B 1B G 3C 17C G 7A 4C G 4D 3A G 19D 8D G 13A 16D G 9A 9B G
Tile Skipper,Deep Beeline,Two,Normal,48,32577,79,20D 2C G 17B 6B G 6C 4C G 1D 1A G 2B 8B G 4D 3A G 8C 8D G 18A 6A G 1C 20B G 1B 7C G 7B 19A G 5A 3C G 10A 14D G 14B 19B G 19B 12D G 13A 19C G
Random,Deep Beeline,Two,Normal,57,59394,75,19D 1B G 1C 7D G 17B 14C G 1A 17D G 12A 10D G 10C 3C G 13A 7C G 20D 17A G 9C 19B G 20A 8B G 12D 18A G 4B 17D G 16B 16C G 4A 8B G 17C 18D G 11A 20C G 19D 9B G 18D 16D G 8C 11D G
Barricade,Deep Beeline,One,Normal,51,37533,14,4C 4D G 1A 1B G 1C 17B G 2C 1D G 2A 7D G 3B 7A G 12B 14C G 18D 3D G 3A 19C G 16D 9A G 13B 15C G 9B 5A G 6A 4A G 11A 7C G 11C 8A G 12D 8C G 11C 8B G
Kitty Corner,Deep Beeline,Two,Normal,54,59659,64,17A 12B G 5A 12A G 7A 14D G 1D 2A G 1A 18C G 2B 8A G 3A 18A G 18B 4A G 13A 20A G 19B 6A G 3D 11B G 8D 3B G 2C 16B G 16C 13B G 13C 16A G 6D 13B G 3C 15A G 9C 2A G
Tile Skipper,Monte Carlo Beeline 1,Two,Normal,54,60799,79,20D 4C G 17A 6B G 6C 8D G 5B 1A G 2B 12C G 1B 2C G 4B 19B G 2D 4D G 1C 18D G 19D 2A G 3B 16B G 7B 7A G 9A 7C G 14D 13C G 13D 14A G 11C 14C G 10B 10A G 9B 13D G
Bee Line,Deep Beeline,Two,Normal,57,38829,42,11C 4C G 4A 10A G 10D 12A G 12C 11A G 6C 9D G 11D 14B G 16B 7B G 17D 9A G 14D 9B G 7C 9C G 17A 5A G 14A 13B G 17B 18B G 1B 8C G 13C 18D G 1C 11B G 13C 18A G 19B 15B G 3D 2D G
Random,Barricade,Two,Normal,51,1428,31,8D 8C G 8A 4B G 15B 4A G 5B 9C G 3B 3A G 2B 7C G 4B 7A G 13A 9B G 20D 13D G 9A 9D G 10B 18C G 18A 1C G 14A 2A G 18B 15A G 17C 19B G 19A 17A G 2D 19D G
Monte Carlo Beeline 1,Kitty Corner,One,Normal,45,62355,6,2C 19A G 14A 13B G 1A 9A G 4A 17D G 16A 3A G 2A 16B G 4D 19C G 19C 20C G 18A 9B G 19C 2B G 11A 19D G 3B 20D G 6D 9B G 19B 13D G 15C 4B G
Deep Beeline,Barricade,Two,Normal,72,62104,5,2B 2C G 2A 19B G 19C 3B G 1B 20A G 15A 15B G 15C 5C G 3D 3A G 8C 17A G 10B 15D G 20D 8D G 16B 16A G 17B 6A G 5D 10C G 4C 14A G 11D 18C G 17B 11C G 14B 16C G 7C 16D G 11A 10C G 9C 1D G 15A 1A G 7A 5A G 5A 10C G 4B 11A G
Random,Monte Carlo Beeline 1,Two,Normal,48,65016,60,16A 8B G 4A 20C G 7A 7B G 5A 4D G 19C 9C G 16C 20D G 7A 10A G 4B 3C G 17B 15C G 14C 20A G 14A 19A G 2C 11A G 15A 8C G 18A 19B G 19C 10B G 2B 16D G
Monte Carlo Beeline 1,Tile Skipper,One,Normal,57,67787,6,2C 20D G 6B 9D G 4B 6C G 1A 14B G 3B 2B G 3A 18B G 19C 4D G 4C 19B G 16D 1C G 7C 18C G 8B 7B G 8C 15D G 8A 10A G 9C 17D G 12A 13A G 19D 16B G 17A 13C G 13C 10B G 4C 13C G
Deep Beeline,Bee Line,One,Normal,54,38740,12,4A 6A G 11C 6B G 13B 9A G 5C 2A G 12C 9B G 9D 18A G 13A 4B G 20A 10A G 13C 10D G 20C 17D G 3B 15A G 15D 11B G 16B 14C G 19D 17C G 14A 7D G 16C 19A G 19B 11A G 5A 14A G
Monte Carlo Beeline 1,Deep Beeline,One,Normal,63,68318,45,12B 12C G 19D 10D G 17C 19A G 15D 1C G 8A 3C G 19C 20A G 4D 1B G 14C 18B G 2B 3A G 16C 3D G 20D 7A G 12A 14A G 7C 18D G 2A 1D G 11B 11A G 6A 7C G 13B 6B G 13A 9A G 4B 6A G 7A 4B G 9D 11A G
Monte Carlo Beeline 1,Random,One,Normal,51,83953,37,10B 18B G 2D 3C G 4C 14B G 13C 5A G 20D 15A G 17A 3A G 2B 15A G 10D 10C G 18D 11A G 13C 17C G 19A 15A G 12A 12C G 9A 2D G 6D 16A G 16D 7C G 11B 12B G 12D 18A G
Barricade,Monte Carlo Beeline 1,Two,Normal,63,105894,45,12B 12C G 16D 12A G 8B 5C G 6D 5A G 10D 11B G 2B 1D G 11A 17C G 6B 11D G 2A 18A G 10C 16B G 15C 1A G 13C 18C G 3A 14A G 19A 4B G 9B 20D G 20A 8C G 5A 14D G 19C 12D G 11D 20C G 19D 9B G 2A 9D G
Bee Line,Monte Carlo Beeline 1,Two,Normal,57,85914,2,1C 11D G 18D 15D G 5C 2B G 7A 10D G 8C 18A G 16B 3D G 4B 5A G 10B 6A G 2A 15B G 2C 18B G 12B 19A G 12A 20B G 14B 13A G 14C 19B G 3C 13D G 12C 2A G 14B 14A G 5D 2A G 5B 4C G
Deep Beeline,Monte Carlo Beeline 1,Two,Normal,63,58801,72,19A 18D G 16C 20A G 13B 15A G 10C 15D G 10D 17B G 12C 1B G 12A 19B G 2B 11B G 9A 1C G 8C 6A G 17A 3A G 17D 18C G 16D 4D G 1D 2A G 11A 19C G 14D 13D G 7C 14A G 4A 18C G 2C 7D G 5A 20B G 18C 4D G
Kitty Corner,Monte Carlo Beeline 2,Two,Normal,45,147800,76,20A 9C G 3A 15A G 10A 19B G 14D 5A G 4A 16A G 16B 19A G 14A 5B G 7A 6A G 1A 18A G 12D 2A G 19D 2D G 2B 6D G 6B 18D G 11D 6B G 6D 11A G
Monte Carlo Beeline 1,Barricade,One,Normal,66,125983,74,19C 19B G 19A 4A G 10D 4B G 4C 17B G 14C 4D G 10A 7C G 20B 7A G 14A 19D G 2C 11B G 15A 3C G 12B 8D G 6C 11C G 5A 15D G 20C 17C G 12A 2A G 16D 3A G 8C 1C G 10A 12C G 20D 1B G 15A 13D G 16C 2A G 1A 20D G
Bee Line,Monte Carlo Beeline 2,Two,Normal,48,148334,8,3A 2C G 20A 9C G 14C 6C G 20C 9B G 15C 11D G 2D 13D G 6D 16C G 11B 15D G 14A 13C G 15A 1B G 8D 8C G 12B 2B G 18A 18B G 1A 16D G 17C 11C G 12A 17A G
Monte Carlo Beeline 2,Bee Line,One,Normal,45,166358,6,2C 19A G 11B 11A G 15A 2A G 20D 7B G 3B 6A G 20A 6B G 3A 5D G 14B 3C G 7A 5B G 2B 10B G 4D 1B G 10C 14D G 14C 18D G 9A 13C G 9B 18A G
Bee Line,Monte Carlo Beeline 3,Two,Normal,48,169005,64,17A 20B G 5C 10C G 18D 15C G 1B 18B G 18A 17C G 14D 17B G 9A 9D G 4A 12B G 13B 12A G 8D 13B G 16C 8B G 9C 3A G 11C 7A G 11A 16A G 16A 3B G 3C 7D G
Deep Beeline,Monte Carlo Beeline 3,Two,Normal,48,184317,6,2C 1B G 9D 6A G 16B 2D G 7D 18D G 17B 6B G 15A 6C G 19D 13D G 18C 18A G 17D 7C G 11B 13B G 9B 9C G 11A 8D G 4B 5D G 10B 10C G 10C 14D G 11C 20C G
Kitty Corner,Monte Carlo Tree Search,Two,Normal,45,185600,16,5A 3C G 14D 1A G 2A 10A G 20B 7A G 12A 12C G 12D 17A G 5D 3C G 9A 7B G 12B 19C G 19B 1C G 7C 16D G 12D 2D G 1D 11D G 8B 7B G 17B 8D G
Monte Carlo Beeline 2,Deep Beeline,One,Normal,57,191831,6,2C 2D G 2A 7B G 19B 12D G 20A 16A G 14C 19D G 10C 9A G 15A 9C G 4C 13A G 14B 4D G 4A 11D G 5D 15C G 3A 6B G 18D 19C G 18A 18C G 12C 11B G 10D 8A G 8B 6A G 6C 17A G 5A 18A G
Monte Carlo Beeline 3,Random,One,Normal,36,132438,3,1D 15A G 17C 4C G 13B 2C G 1C 18C G 5A 4D G 6A 9A G 6B 1B G 12C 16D G 18A 13C G 3A 13D G 11D 16A G 12A 18B G
Random,Monte Carlo Tree Search,Two,Normal,51,196745,42,11C 7C G 17D 14D G 5D 14C G 6A 8B G 9A 15B G 2B 11B G 9D 7D G 1C 13D G 20A 16A G 6C 4A G 11D 17B G 17A 11B G 10C 15B G 15C 3D G 16B 7D G 7A 20C G 3A 12B G
Monte Carlo Beeline 3,Bee Line,One,Normal,39,141376,18,5C 15C G 10A 7B G 2A 15B G 15A 12A G 2B 10D G 3C 4D G 10C 19D G 19C 5B G 17D 13A G 13B 14D G 7D 20C G 18D 13C G 17A 20B G
Tile Skipper,Monte Carlo Tree Search,Two,Normal,51,206525,79,20D 4C G 19B 6B G 6C 12C G 3D 1A G 2B 16C G 14A 2C G 4B 15C G 13B 1B G 2A 19B G 7B 4D G 7A 10D G 9D 3C G 7D 15A G 15A 8A G 10B 5D G 10D 16D G 18D 4C G
Monte Carlo Tree Search,Barricade,Two,Normal,54,213557,65,17B 2C G 17A 9B G 11D 9A G 14D 5D G 13D 5A G 10C 13B G 18A 4C G 13C 1C G 20D 6D G 16A 20A G 15B 20B G 8D 19A G 19D 11C G 20C 19B G 12A 3B G 4B 10B G 9B 14C G 6D 18A G
Deep Beeline,Monte Carlo Beeline 2,Two,Normal,54,215040,14,4C 4D G 16D 20A G 5B 2B G 20B 17B G 16B 18B G 12B 19B G 11D 16C G 9B 2A G 18C 3A G 19D 18D G 3D 1B G 15C 6D G 14A 7A G 9A 12D G 2C 15A G 10B 6C G 1D 8A G 7C 12C G
Bee Line,Monte Carlo Tree Search,Two,Normal,57,216385,71,18D 1D G 7C 1C G 20A 16C G 8A 6B G 6D 15C G 13B 17C G 11B 16D G 14D 12C G 12A 3D G 15A 2C G 12B 4B G 13D 2A G 18C 3A G 8A 17D G 19D 7C G 16D 10C G 17B 14C G 14C 12D G 14B 7B G
Monte Carlo Beeline 3,Kitty Corner,One,Normal,51,156914,78,20C 19A G 14A 12D G 5A 9A G 4A 5B G 16A 3A G 2A 3C G 2B 14D G 3B 9D G 4B 9B G 9C 8D G 10C 14D G 9B 15B G 8C 12B G 9A 10B G 10A 3B G 14A 8B G 15C 11A G
Random,Monte Carlo Beeline 2,Two,Normal,48,152768,16,5A 8D G 19B 15B G 12D 20D G 18C 18D G 17D 1C G 18A 19C G 4B 8B G 10A 20A G 12B 3A G 2C 4B G 7A 7C G 11C 5C G 6C 16B G 16A 2A G 14D 20C G 6B 2A G
Monte Carlo Tree Search,Random,One,Normal,51,193729,4,2A 11A G 20C 12D G 18D 12B G 16C 7C G 4C 2C G 12A 10C G 4C 2D G 7D 2A G 13C 7A G 5A 16A G 18B 11C G 6D 14D G 10D 19B G 19D 9C G 4D 15C G 11B 12D G 10C 7D G
Monte Carlo Beeline 2,Tile Skipper,One,Normal,54,200343,78,20C 20D G 6B 1B G 16D 6C G 1A 17B G 7A 2B G 2C 1C G 19D 4B G 4C 19A G 1D 8C G 7D 13D G 9C 2A G 3B 4D G 9A 4A G 5D 20B G 3C 8A G 8B 10A G 18D 9B G 14B 12A G
Monte Carlo Tree Search,Kitty Corner,One,Normal,51,203463,2,1C 15A G 10A 4D G 20D 5A G 4A 19D G 18D 3A G 8A 3B G 7B 8C G 5B 11B G 16A 15C G 10C 13C G 3D 10B G 8C 12D G 14C 10A G 15C 2C G 20C 12A G 10D 6A G 19C 14B G
Barricade,Monte Carlo Tree Search,Two,Normal,60,240694,30,8C 18C G 10D 10A G 15B 4D G 16A 4A G 9C 10C G 11C 3C G 5D 14D G 18C 14B G 16D 17B G 7A 7B G 11D 9D G 19B 3B G 20B 11B G 17C 20D G 10A 1A G 17C 15C G 6A 18D G 19B 2B G 4B 12C G 11A 8A G
Monte Carlo Beeline 1,Monte Carlo Beeline 3,Two,Normal,54,211887,76,20A 9B G 5B 12D G 19A 16B G 17B 9A G 16A 4D G 16D 11A G 13B 7B G 9D 13A G 18D 6A G 11B 18A G 13D 18C G 15A 17D G 8A 14B G 7C 2D G 3A 10C G 1D 1C G 16A 7A G 10A 10D G
Monte Carlo Beeline 2,Monte Carlo Beeline 1,One,Normal,54,244303,45,12B 12C G 16D 17C G 5C 7A G 8B 4A G 14D 12D G 15C 12A G 17D 7D G 2C 20C G 19B 14B G 3A 3D G 14C 16C G 10A 10C G 16B 20B G 2B 6A G 3C 5D G 10B 9C G 9A 13B G 10B 1B G
Monte Carlo Tree Search,Monte Carlo Beeline 1,One,Normal,60,247134,65,17B 2C G 9D 11B G 18C 11A G 15A 7B G 11C 14A G 7A 11D G 8D 4B G 2B 4C G 4D 16A G 10C 4A G 5A 16D G 1D 1A G 20D 19B G 1D 12D G 6D 10A G 5B 3C G 11B 6C G 19A 17A G 6B 19C G 16D 6D G
Tile Skipper,Monte Carlo Beeline 2,Two,Normal,48,189043,79,20D 19A G 16A 6B G 6C 3B G 9C 1A G 2B 19B G 2C 3A G 4D 7B G 18B 4C G 1C 5A G 5D 2A G 3D 11A G 9B 3C G 4A 10D G 15D 8C G 8B 14A G 14B 10B G
Monte Carlo Beeline 2,Barricade,One,Normal,51,259240,21,6B 6C G 6A 11B G 3A 3B G 3C 13B G 8C 3D G 11D 15A G 14B 15C G 5C 9B G 10A 11C G 7A 5A G 16A 5D G 10C 7B G 12D 10D G 1B 12A G 14C 17A G 18B 7D G 8B 10C G
Barricade,Monte Carlo Beeline 2,Two,Normal,69,184365,43,11D 12A G 9C 19D G 12B 11A G 6A 6B G 6C 13D G 17B 6D G 11B 7C G 19A 7A G 13A 11C G 8B 8D G 18C 9B G 2B 3B G 18A 4A G 18D 14D G 13C 16D G 3D 10A G 5C 2D G 1B 6B G 15A 14B G 1B 11D G 19D 14B G 13A 8C G 1C 19C G
Kitty Corner,Monte Carlo Beeline 3,Two,Normal,42,118877,28,8A 7C G 15D 3A G 4A 12A G 8B 5A G 10A 13C G 14D 15A G 4B 12C G 15B 5B G 8C 6A G 13D 15C G 4C 20B G 19A 1A G 10C 7D G 14B 17A G
Monte Carlo Tree Search,Deep Beeline,One,Normal,69,247313,34,9C 14D G 18A 17C G 12C 4B G 10B 4A G 1D 18C G 14B 5C G 5D 16A G 6B 12A G 10C 4C G 11C 7A G 6D 7C G 12B 11A G 16D 16B G 2A 17B G 7A 11D G 2D 3C G 1C 11B G 12B 11A G 17D 2C G 3A 9C G 7A 3A G 6A 4D G 13B 2B G
Monte Carlo Beeline 2,Kitty Corner,One,Normal,45,88240,18,5C 13A G 8A 12B G 2A 3A G 4A 2B G 20A 5A G 1A 17B G 17C 6A G 5D 17A G 15A 8B G 3D 20C G 20D 13D G 6D 12D G 19B 5D G 1C 15D G 19A 4B G
Random,Monte Carlo Beeline 3,Two,Normal,48,128854,72,19A 1C G 3A 2C G 3C 4A G 2A 11B G 5B 19B G 11D 14B G 6A 9B G 18D 8D G 15A 7C G 7B 18A G 5B 12C G 7A 14A G 11B 8A G 9C 8D G 8D 14D G 11C 6A G
Monte Carlo Beeline 3,Monte Carlo Tree Search,Two,Normal,48,331313,65,17B 6B G 4C 7D G 1B 10D G 4D 12D G 4A 2C G 14B 2D G 1A 7C G 6C 11A G 9A 14D G 7C 11B G 14C 13C G 13A 19D G 9B 18D G 19C 19A G 20A 13A G 13D 13B G
Monte Carlo Beeline 3,Deep Beeline,One,Normal,45,129144,0,1A 16D G 18A 10B G 18D 2A G 12B 19A G 15C 4A G 10C 6A G 16A 7B G 16C 18B G 19D 13D G 10D 3B G 8A 15A G 20B 20A G 3A 13B G 17B 13A G 11B 9B G
Monte Carlo Beeline 3,Tile Skipper,One,Normal,51,139477,50,13C 20D G 6B 3D G 1B 6C G 1A 18B G 17C 2B G 2C 2A G 7A 4B G 4C 5A G 3C 1C G 7C 19C G 14A 7B G 9A 11A G 10D 4A G 9C 10C G 14C 12A G 8B 10B G 5D 12C G
Tile Skipper,Monte Carlo Beeline 3,Two,Normal,45,131116,79,20D 12D G 20A 6B G 6C 1B G 17B 1A G 2B 14C G 1C 2C G 4B 15A G 12B 4C G 1D 19B G 5D 7A G 8C 9D G 3C 7D G 4A 11B G 9C 8A G 8B 15D G
Monte Carlo Beeline 2,Random,One,Normal,45,112110,14,4C 2B G 2D 17B G 6D 7B G 14C 11C G 18C 13B G 12A 1A G 18D 11D G 6B 9C G 9B 8B G 10B 14A G 10A 7C G 12B 20C G 10D 14B G 15B 16A G 17C 8D G
Deep Beeline,Monte Carlo Tree Search,Two,Normal,48,157451,65,17B 18B G 5C 17A G 17D 4C G 19D 16D G 2B 5B G 16B 1B G 4B 18C G 14A 20C G 16A 13D G 3D 2D G 3A 20A G 19C 10B G 9A 5C G 3D 13B G 8D 9C G 6B 13C G
Monte Carlo Tree Search,Tile Skipper,One,Normal,48,156556,48,13A 20D G 6B 2B G 1B 6C G 1A 17A G 3A 2D G 2C 3D G 12D 5B G 3B 2B G 18B 1C G 4A 20C G 4D 3C G 5A 5D G 8C 4B G 8A 12B G 17C 9D G 14A 3D G
Monte Carlo Tree Search,Monte Carlo Beeline 3,One,Normal,55,379762,52,14A 16A G 3D 3B G 7B 19B G 8B 13D G 17D 13A G 18D 13B G 6A 4B G 12D 12C G 20C 12A G 11A 17C G 11B 6C G 1D 3B G 15C 9B G 9A 14D G 5C 9B G 9A 15A G 9C 9B G 10D 9D G 15A
Monte Carlo Beeline 1,Monte Carlo Beeline 2,Two,Normal,86,358303,26,7C 7B G 8A 7D G 8D 9C G 8B 15D G 13D 15A G 16C 15C G 3A 6C G 6B 12C G 10C 18C G 10A 1D G 10D 5C G 14D 9B G 12A 13A G 18B 17A G 20B 16B G 14A 17B G 19D 18D G 5B 19D G 1A 18A G 19A 4B G 17A 4C G 8C 17B G 13D 5B G 9B 11A G 17A 10A G 15C 17A G 5B 15C G 10A 8D G 12C 17B
Monte Carlo Tree Search,Bee Line,One,Normal,45,147104,9,3B 19A G 20B 15D G 1D 2D G 20A 20D G 9D 11B G 16B 11A G 13C 19B G 16D 6B G 18A 7B G 7A 16A G 20C 12D G 12B 16A G 2B 17C G 7D 6C G 15B 12A G
Barricade,Monte Carlo Beeline 3,Two,Normal,57,151901,19,5D 18A G 11A 11B G 11C 5A G 10B 5B G 5C 6D G 7B 6A G 1C 4C G 10D 9D G 16C 12A G 17D 12D G 14A 6C G 20B 19D G 12C 20D G 9A 12C G 1B 15B G 15A 19A G 8C 20A G 8A 17C G 8D 19A G
Monte Carlo Beeline 3,Monte Carlo Beeline 2,One,Normal,69,421205,61,16B 2C G 4B 1D G 4C 5C G 13D 5B G 20C 1A G 18A 18C G 13A 6C G 14D 14A G 3C 20D G 14C 10B G 6A 15D G 19A 9B G 15B 12A G 7B 10A G 15A 2D G 7B 3C G 15B 12D G 7C 18C G 10B 15C G 6D 15B G 19D 18B G 18B 15D G 20D 18B G
Monte Carlo Tree Search,Monte Carlo Beeline 2,One,Normal,81,449588,76,20A 15C G 3A 5C G 9A 10C G 7B 16C G 14D 4C G 2C 4A G 6B 5A G 1B 5B G 11A 18B G 11D 2D G 9A 19D G 19B 17A G 2B 17D G 4D 18A G 19C 4D G 12A 2D G 16B 8A G 11D 9C G 13A 18C G 18C 9B G 1A 13D G 11D 18A G 6B 11D G 11D 9B G 11B 13D G 17B 16D G 16C 17A G
Monte Carlo Beeline 3,Barricade,One,Normal,60,123674,12,4A 4B G 4C 5C G 14D 4D G 5A 10C G 1A 1B G 1C 18A G 11D 1D G 3A 17C G 17D 10A G 3D 6C G 17A 18D G 19A 13A G 13D 13C G 11C 7B G 13B 3B G 18D 16A G 8B 20C G 18D 15C G 10B 6D G 3D 15D G
Monte Carlo Beeline 2,Monte Carlo Tree Search,Two,Normal,72,448971,14,4C 15C G 19B 1C G 13A 1A G 10D 18B G 1B 18A G 2D 19A G 12D 12A G 14D 14C G 12C 17B G 17D 12B G 17A 8C G 8A 14A G 3D 2C G 2D 19D G 3A 14D G 12A 3B G 7A 2D G 16A 8D G 7A 20A G 17D 18B G 17A 15D G 20C 7D G 7D 5C G 19B 10B G
Monte Carlo Beeline 3,Monte Carlo Beeline 1,One,Normal,48,119633,68,18A 11C G 1A 5B G 9D 11A G 5A 1D G 7D 8A G 8B 12C G 14D 15A G 10D 15B G 4A 17B G 1B 12D G 3B 9C G 14A 10B G 20B 7C G 13A 10C G 19A 17C G 3C 19D G
Monte Carlo Beeline 1,Monte Carlo Tree Search,Two,Normal,81,252689,59,15D 17D G 3C 5C G 20D 1B G 4A 8C G 13C 13A G 11B 18A G 18C 17D G 8A 17B G 5B 5D G 3B 17C G 6D 18D G 11C 16B G 20B 1B G 1B 2D G 14D 14A G 7B 12D G 10C 11C G 1C 19C G 5B 8B G 7A 16D G 5B 4D G 14B 12D G 2D 3D G 17A 2D G 5B 13D G 1C 13C G 18D 2B G
Monte Carlo Beeline 2,Monte Carlo Beeline 3,Two,Normal,60,172914,75,19D 8A G 16A 17D G 9B 18C G 5B 4D G 20A 20D G 2B 2A G 3A 9D G 3C 12D G 17B 18B G 6C 15C G 11D 15A G 10A 7A G 1A 12A G 5C 10C G 6B 1D G 11A 7D G 17C 6D G 11B 10D G 3A 8C G 3B 1C G
Random,Tile Skipper,Two,Normal,48,100,29,8B 20D G 6B 16D G 20B 6C G 1A 20B G 14D 2B G 2C 4B G 9D 7A G 6A 15B G 18C 1C G 2A 5D G 12A 3D G 4A 5A G 16B 9C G 10A 16D G 13B 19D G 4D 19C G
Tile Skipper,Bee Line,Two,Normal,39,100,79,20D 7C G 14D 6B G 6C 7A G 13A 1A G 2B 9B G 13C 2C G 4B 13D G 8B 1B G 2A 12A G 12D 3D G 3C 12C G 19D 4C G 5D 19C G
Kitty Corner,Barricade,Two,Normal,54,107,56,15A 6A G 15B 10A G 5A 5B G 5C 4A G 3A 3B G 3C 8A G 15C 4C G 10B 15C G 8C 12B G 1A 3D G 8C 1C G 11D 3D G 18D 16C G 16A 15A G 20A 16B G 17B 10C G 10D 18B G 18A 20D G
Barricade,Random,One,Normal,48,107,20,6A 10B G 17B 10A G 15D 7A G 11A 7B G 7C 15A G 18B 14C G 11C 9C G 10B 9A G 13B 20D G 12C 15B G 14B 8C G 4C 14A G 14D 12A G 17C 19C G 18D 12B G 16C 8B G
Random,Bee Line,Two,Normal,39,132,29,8B 7C G 19C 1C G 9B 12D G 14D 1A G 10D 12C G 7A 2A G 2A 7B G 18C 15D G 14A 17D G 18A 1A G 9B 2B G 18B 8D G 13C 8C G
Random,Kitty Corner,Two,Normal,48,149,73,19B 19A G 14A 5D G 11B 9A G 4A 3B G 6A 3A G 2A 18B G 8D 14B G 19C 6C G 17C 2B G 14C 1B G 16A 2B G 2D 2C G 20A 14C G 8C 5B G 10C 14B G 15A 3B G
Barricade,Tile Skipper,One,Normal,57,143,49,13B 20D G 6B 17A G 20A 6C G 1A 1B G 1C 2B G 2C 1D G 2A 4B G 4C 5B G 5D 7A G 8C 11A G 16A 7D G 3D 7C G 4A 7B G 8B 5B G 3C 9B G 14B 3A G 11C 14D G 19A 18A G 13A 19C G
Tile Skipper,Barricade,Two,Normal,66,163,79,20D 13A G 20A 6B G 6C 6A G 11D 1A G 2B 1B G 1C 2C G 4B 1D G 5B 4C G 7A 5D G 15A 8C G 7D 16A G 4A 3C G 7B 12D G 11C 9A G 10A 17D G 18B 10B G 11B 5D G 4D 14C G 19A 13D G 16D 17C G 14A 15A G 1C 20D G
Random,Barricade,Two,Normal,57,218,13,4B 13B G 4A 1D G 1B 1A G 2B 4C G 9B 5B G 6C 7C G 2C 5C G 3A 7D G 20A 7A G 13C 9D G 15D 18D G 18A 10C G 10C 18B G 17B 2D G 6B 16B G 16A 3B G 3D 16C G 11D 14A G 14B 17D G
Barricade,Kitty Corner,One,Normal,60,3683,77,20B 11A G 6A 6B G 6C 1A G 5A 1B G 1C 4A G 9A 1D G 4B 9C G 11B 6D G 13B 9D G 9D 4D G 4C 9B G 16D 13C G 15A 8C G 14A 18A G 12D 3A G 8D 10A G 13B 14B G 9C 17D G 16A 11B G 14C 18B G
Tile Skipper,Kitty Corner,One,Normal,45,7329,79,20D 18A G 13A 6B G 6C 8A G 3A 1A G 2B 2A G 4A 2C G 4B 5A G 12A 1B G 3B 7A G 19A 3C G 4C 13B G 13D 7C G 5D 19B G 19C 9A G 9D 2D G
Kitty Corner,Tile Skipper,Two,Normal,57,7297,72,19A 20D G 6B 14A G 9A 6C G 1A 4A G 3A 2B G 2C 2A G 19B 4B G 1B 14C G 3C 3B G 3D 4C G 19B 7A G 7C 9C G 19D 5D G 8A 2D G 12D 12A G 8B 14A G 20C 12C G 17D 14C G 2A 17C G
Bee Line,Kitty Corner,Two,Normal,42,102,47,12D 3A G 4A 5B G 12B 5A G 10A 9A G 12A 15A G 20A 14B G 13B 10C G 15D 14A G 9D 3B G 3C 8D G 7A 15B G 20D 8A G 6D 16A G 3C 11A G
Barricade,Bee Line,One,Normal,57,7484,57,15B 15A G 7D 7A G 12B 6A G 6D 11B G 1C 15C G 6B 15D G 20D 7B G 12D 11D G 12A 1B G 18B 17C G 2A 3B G 3C 16C G 20A 3A G 8D 20B G 19B 2B G 13B 19A G 19C 13A G 13C 18D G 18C 5D G
Bee Line,Tile Skipper,One,Normal,39,137,9,3B 20D G 6B 19B G 18A 6C G 1A 13D G 20B 2B G 2C 18B G 3A 4B G 1B 8D G 3C 2A G 3D 8A G 5D 4C G 7A 10B G 19D 9A G
Kitty Corner,Bee Line,Two,Normal,33,100,60,16A 17C G 19C 11A G 6A 14B G 18B 1A G 5A 17B G 18D 4A G 11D 10C G 18A 16B G 16B 14A G 5D 5C G 16C 8B G
Deep Beeline,Random,One,Normal,45,14202,77,20B 11C G 12B 10D G 5A 8A G 18C 15D G 20D 8C G 14C 11A G 5B 17B G 2C 13B G 19D 6D G 2A 13D G 19A 17A G 13C 2D G 19C 2B G 18A 4C G 18D 18C G
Tile Skipper,Deep Beeline,Two,Normal,54,14510,79,20D 6A G 17D 6B G 6C 8A G 12A 1A G 2B 12D G 8D 2C G 4B 18D G 20B 1B G 1C 1D G 11A 3B G 3C 9A G 19D 4C G 5D 16B G 10D 10C G 14A 14C G 15D 9B G 19A 15D G 14D 19B G
Random,Deep Beeline,Two,Normal,60,14566,23,6D 13B G 6B 7A G 9D 13C G 18D 3C G 5D 15C G 2D 11A G 5B 20D G 11C 20A G 3B 14B G 2A 7C G 13D 1B G 2C 5D G 19B 1A G 6C 10B G 11B 8C G 14C 9A G 11A 16B G 17B 10D G 20A 13D G 20C 2B G
Bee Line,Deep Beeline,Two,Normal,57,8457,32,9A 15B G 6B 9B G 14C 16C G 19B 13A G 11A 13D G 11C 4A G 1C 9D G 20A 4B G 6D 4D G 12B 8C G 2A 8D G 14B 17A G 5D 5B G 18A 14A G 8C 17D G 12C 14D G 2D 1B G 4D 13A G 4B 4D G
Deep Beeline,Bee Line,Two,Normal,54,26614,72,19A 4A G 15A 10D G 16A 13D G 1B 19B G 17C 2B G 3A 17A G 17D 3C G 1D 5D G 16D 13B G 3B 8D G 9C 13C G 14C 3D G 9B 6D G 7C 20D G 7D 13D G 8C 3D G 15B 6D G 8D 6A G
Deep Beeline,Kitty Corner,One,Normal,51,29707,64,17A 18A G 13A 19B G 6D 8A G 3A 14B G 20C 2A G 1A 15C G 17D 8C G 2D 19C G 3B 8B G 18B 1B G 5B 3C G 2C 11D G 4C 14D G 8A 7A G 9A 9C G 8B 15B G 11C 14D G
Kitty Corner,Deep Beeline,Two,Normal,54,43447,28,8A 14D G 4C 3A G 4A 15D G 20A 5A G 10A 15A G 5B 13A G 2A 19C G 18C 1A G 6A 16B G 6C 13D G 3C 16D G 2C 3B G 3B 2D G 19B 2B G 8C 7D G 12D 2C G 1D 11C G 1B 13B G
Barricade,Deep Beeline,Two,Normal,63,43484,44,12A 11D G 1C 1A G 6D 18A G 20C 2D G 11A 19C G 6B 16C G 6A 8D G 15A 11B G 11C 13A G 7B 15D G 20D 4C G 15B 13D G 9B 6C G 5C 13C G 2C 10A G 5D 13C G 3B 4A G 4D 6D G 2B 13C G 10C 11A G 16D 9A G
Deep Beeline,Tile Skipper,One,Normal,57,43901,64,17A 20D G 6B 2B G 5B 6C G 1A 6D G 2C 2D G 7A 1C G 17B 10D G 1D 20B G 5A 10B G 10A 7B G 9A 5D G 4A 16A G 4D 3C G 8A 18D G 13A 4C G 13D 16A G 12B 13C G 19C 19A G 6D 14D G
Monte Carlo Beeline 1,Tile Skipper,One,Normal,48,52155,20,6A 20D G 6B 13B G 17A 6C G 1A 11A G 2A 2B G 2C 1B G 18C 4B G 4C 18A G 16D 7A G 8C 16B G 18D 7C G 3C 20B G 4A 7B G 5D 3A G 19B 8B G 9B 14D G
Kitty Corner,Monte Carlo Beeline 1,Two,Normal,48,52877,12,4A 6B G 16A 5A G 1A 2A G 8B 6A G 11A 18A G 11B 3A G 10A 20A G 19B 15A G 7A 13D G 18D 8A G 3B 13B G 17C 3D G 8D 15B G 15D 10B G 4D 12B G 7D 5C G
Bee Line,Barricade,Two,Normal,51,36852,66,17C 16B G 17A 12D G 7D 16D G 12A 2D G 7A 7B G 2C 6B G 1B 6A G 11C 12B G 13B 20A G 20C 11A G 8C 19D G 14C 11D G 8D 14A G 14B 11B G 8A 15A G 9A 8D G 7D 13C G
Monte Carlo Beeline 1,Kitty Corner,One,Normal,48,53399,20,6A 17A G 12A 10A G 5A 7A G 2A 17B G 16C 1A G 18A 18C G 18D 17C G 12C 5D G 1D 12B G 12B 14D G 19B 1C G 12B 4C G 14B 2D G 7D 9D G 4A 2B G 1C 9A G
Tile Skipper,Monte Carlo Beeline 1,Two,Normal,51,55284,79,20D 20A G 3C 6B G 6C 12D G 9C 1A G 2B 18A G 16A 2C G 4B 18B G 4D 1B G 2A 19D G 8B 3D G 4C 16D G 8A 7A G 5D 14C G 14A 9D G 9B 11C G 14B 19C G 14D 10B G
Monte Carlo Beeline 1,Bee Line,One,Normal,54,55300,49,13B 10A G 15A 20B G 11C 16C G 10B 12D G 5D 19C G 12A 17D G 1C 13D G 6A 7A G 8C 5C G 5A 4A G 3C 12B G 2C 19D G 3D 2B G 19A 2A G 18A 10A G 3B 1B G 18B 20D G 19C 1A G
Barricade,Monte Carlo Beeline 1,Two,Normal,63,57716,22,6C 6B G 7B 6A G 11D 2B G 19B 2A G 3B 19A G 9C 1B G 15C 17B G 11A 12D G 16D 12B G 8A 7D G 12A 5D G 10B 10C G 5B 5A G 20D 3C G 8D 20A G 18C 3B G 13D 17D G 12C 3B G 3A 2B G 17C 16A G 13D 17C G
Monte Carlo Beeline 1,Random,One,Normal,45,51412,64,17A 2A G 3D 13B G 14C 11C G 4D 3A G 4B 5B G 20C 20D G 20A 10A G 5C 13D G 1B 4C G 8C 20B G 15C 1C G 2D 15D G 1A 12A G 8B 15B G 6C 4A G
Deep Beeline,Barricade,One,Normal,72,26341,10,3C 3D G 3A 6D G 11B 11A G 7C 12D G 15C 6A G 1C 18C G 17A 8D G 4A 9C G 14B 9A G 7D 7A G 17D 18A G 13B 13C G 1A 17B G 14A 16D G 16A 16C G 16B 13A G 5A 12B G 13B 19A G 19C 8D G 11D 14C G 19D 10B G 8A 20C G 10D 2D G 14A 5C G
Random,Monte Carlo Beeline 1,Two,Normal,63,101047,73,19B 11B G 14D 17D G 2C 12A G 4B 15A G 8A 18B G 16B 7B G 1B 1D G 2A 2B G 6B 19D G 20C 3D G 16A 20D G 11D 5C G 7D 9D G 4C 13D G 7D 2D G 5D 5C G 18C 9C G 10C 11C G 15A 4D G 12B 11C G 8D 12D G
Monte Carlo Beeline 1,Deep Beeline,One,Normal,69,101424,64,17A 16D G 10C 5A G 7B 7A G 17D 4C G 7C 12A G 17B 13C G 11C 19D G 11D 6D G 12C 10D G 11A 9A G 14A 2C G 9B 2A G 19A 6C G 13B 13D G 2B 14C G 20D 3B G 3A 15C G 20D 3C G 8D 15A G 6C 8A G 18A 10D G 14B 9B G 14D 13B G
Monte Carlo Beeline 1,Barricade,Two,Normal,63,98389,13,4B 4A G 5B 4C G 8A 3B G 9D 20B G 9C 5D G 8B 16A G 1B 1A G 2B 18A G 13C 8C G 13B 6A G 16C 9A G 6B 11B G 11A 11C G 11D 15B G 15A 2D G 14A 14D G 15D 7C G 7A 7B G 14C 19D G 19D 7D G 12D 19D G
Bee Line,Monte Carlo Beeline 1,Two,Normal,48,57814,28,8A 18A G 14C 19D G 13A 9A G 8B 5B G 15A 5A G 1A 2D G 3D 18D G 10C 2C G 15C 19C G 6D 12D G 12B 6B G 17B 20D G 12A 16C G 20A 16A G 17C 4A G 16B 19A G
Tile Skipper,Monte Carlo Beeline 2,Two,Normal,42,112407,79,20D 8A G 13C 6B G 6C 14C G 14D 1A G 2B 15D G 1B 2C G 4B 1C G 10D 4C G 1D 18A G 17D 7A G 9A 16B G 20B 3C G 5D 16D G 5A 10C G
Deep Beeline,Monte Carlo Beeline 1,Two,Normal,75,136588,8,3A 3B G 20A 9D G 20C 4D G 9A 14B G 9C 5A G 6B 20B G 5B 19A G 8C 16B G 11A 19D G 17C 16A G 1C 14D G 1D 16C G 18B 18D G 10D 7D G 18A 11B G 1A 13D G 14C 2D G 7C 8D G 6D 7A G 7B 5B G 12A 17D G 12C 1C G 8B 5B G 4D 8B G 6D 14D G
Random,Monte Carlo Beeline 3,Two,Normal,42,145339,62,16C 6C G 8B 11C G 4A 20B G 4B 10C G 1B 5B G 16B 2D G 4A 15D G 20C 2D G 18C 3A G 17A 10A G 3D 17B G 15A 10D G 1B 5C G 17D 9B G
Tile Skipper,Random,One,Normal,45,110,79,20D 18C G 17D 6B G 6C 20A G 16A 1A G 2B 2A G 18B 2C G 4B 13B G 18B 1B G 3B 18C G 18B 3C G 4C 17C G 3D 7A G 5D 18C G 12D 8A G 9A 17A G
Monte Carlo Beeline 3,Random,One,Normal,42,153388,12,4A 2A G 8A 18D G 2B 10A G 1A 1C G 18B 20D G 17A 16A G 9B 5D G 2D 11A G 9A 15C G 10A 17C G 16B 7C G 8B 9D G 11C 20C G 10D 20B G
Tile Skipper,Monte Carlo Beeline 3,Two,Normal,45,167733,79,20D 18A G 8D 6B G 6C 4B G 13B 1A G 2B 19B G 12D 2C G 7A 20C G 3A 6A G 1C 4C G 16A 2A G 3D 10B G 10A 8C G 8B 4D G 15D 5D G 9D 16B G
Kitty Corner,Monte Carlo Beeline 3,Two,Normal,45,172751,24,7A 12C G 17B 2A G 3A 3C G 4B 4A G 9A 20A G 15B 14A G 14B 19A G 2B 3B G 3D 13B G 15D 3D G 14D 16C G 8A 9C G 19D 1A G 15C 9A G 10B 5C G
Kitty Corner,Random,Two,Normal,63,10841,24,7A 3C G 2C 2A G 3A 2D G 12B 4A G 9A 16D G 2C 14A G 7B 7C G 2C 9D G 3B 15A G 20A 4B G 14B 11C G 5D 9D G 17B 1B G 19C 9D G 5A 13A G 8A 16B G 9C 15A G 17A 4A G 6B 11D G 20C 4A G 7B 17A G
Bee Line,Random,One,Normal,54,5922,21,6B 8A G 19B 6C G 13B 4D G 19C 8D G 3B 3A G 4B 5D G 9D 17A G 14C 5A G 4C 18A G 9A 13D G 17D 18C G 10A 5C G 12B 12A G 20A 17D G 5A 18A G 19C 13D G 13A 4B G 7C 3B G
Bee Line,Monte Carlo Beeline 3,Two,Normal,45,179226,74,19C 8D G 20B 17A G 17C 18A G 8B 2D G 19A 5A G 7A 20D G 11D 5D G 5C 19D G 20C 15D G 13D 9D G 14B 2B G 1D 6C G 10D 6A G 15A 9D G 4A 3B G
Kitty Corner,Monte Carlo Beeline 2,Two,Normal,45,181892,0,1A 13B G 18A 2A G 3A 15C G 10B 8A G 13A 6C G 14D 12A G 7A 17D G 6B 5A G 10A 7D G 13D 12D G 5B 17A G 10C 2D G 1B 10D G 16B 5C G 11A 17C G
Random,Monte Carlo Beeline 2,Two,Normal,45,183282,54,14C 8A G 7D 2C G 20C 9D G 1A 4B G 18C 10A G 13B 11D G 10D 13A G 9A 17B G 6B 14B G 20D 17B G 12C 20B G 6C 19B G 3D 7C G 15B 3B G 16B 11B G
Monte Carlo Beeline 2,Deep Beeline,One,Normal,60,183922,20,6A 6B G 3A 14A G 6C 1A G 2A 13A G 17D 5B G 5D 15D G 19C 15A G 13D 10A G 11A 10D G 18C 16D G 8C 9B G 8D 18A G 12D 17B G 9A 17C G 11C 12B G 17B 16A G 16B 7C G 12B 20B G 1D 8A G 7A 8C G
Monte Carlo Beeline 3,Bee Line,One,Normal,45,141595,73,19B 2A G 19C 8D G 8B 3A G 19A 3B G 20C 1A G 1B 9D G 18C 19D G 10D 10B G 5D 4D G 4A 20A G 4B 14A G 14B 18A G 20D 5C G 10C 10A G 15A 5A G
Monte Carlo Beeline 2,Bee Line,One,Normal,57,199890,20,6A 20A G 17C 12D G 14B 3A G 7A 11A G 12C 7D G 7B 17B G 16B 19B G 3C 11D G 19D 4D G 9C 19A G 14D 13B G 18A 13A G 10B 15B G 15A 10D G 1A 18A G 3A 19C G 1B 20A G 20B 13C G 18C 2B G
Monte Carlo Beeline 2,Tile Skipper,One,Normal,48,186846,42,11C 20D G 6B 2B G 17B 6C G 1A 2A G 18D 2D G 2C 13C G 9C 3A G 4B 6D G 18B 1C G 4C 19C G 4D 5B G 4A 16A G 7C 3C G 7D 14D G 14A 8D G 8B 14B G
Deep Beeline,Monte Carlo Beeline 3,Two,Normal,57,205214,20,6A 16B G 11A 5B G 18B 19A G 14D 18A G 9A 4C G 3D 9D G 10C 2B G 14B 2A G 16D 13B G 13C 4D G 4A 3C G 15A 20A G 13A 20D G 2D 1C G 17D 7D G 7A 20A G 12B 17C G 12D 16D G 6B 12A G
Bee Line,Monte Carlo Tree Search,Two,Normal,54,208087,32,9A 8D G 18A 15A G 15C 11D G 2D 11C G 19C 10D G 14C 20B G 19B 14D G 3C 13C G 8B 12D G 18B 5D G 10C 8D G 10A 17A G 6A 1B G 3C 6B G 6A 3D G 8C 9D G 8B 2B G 19D 16A G
Kitty Corner,Monte Carlo Tree Search,Two,Normal,54,208446,56,15A 17C G 9B 10A G 5A 5B G 16D 4A G 3A 4C G 17B 8A G 8C 3C G 3B 10D G 5D 2A G 2B 15D G 15B 1A G 19C 5C G 20D 19C G 13A 20D G 7C 2C G 20B 15D G 15B 12A G 19B 20A G
Monte Carlo Beeline 2,Barricade,One,Normal,54,214650,49,13B 13A G 8D 8B G 15B 8A G 13D 11B G 4C 4A G 9D 16D G 1A 1B G 9A 7B G 1D 6C G 5C 10A G 6A 5D G 11C 17A G 14B 18B G 4B 17D G 16C 3B G 11C 6B G 14C 17B G 13C 14A G
Monte Carlo Tree Search,Bee Line,One,Normal,48,171646,5,2B 20A G 12D 11A G 16A 17B G 17C 20B G 20D 5A G 15D 10B G 11D 5B G 9A 6D G 4B 3A G 14D 19D G 15C 15B G 3C 3B G 19A 10D G 4A 2A G 8C 4C G 4D 2D G
Bee Line,Monte Carlo Beeline 2,Two,Normal,48,226823,14,4C 6B G 3A 1C G 16D 1A G 6A 2B G 2A 4A G 5A 16A G 19B 12C G 7B 14D G 9B 11C G 12D 9A G 19A 16B G 17A 20C G 19A 18B G 18D 8D G 1C 18C G 18A 2A G
Monte Carlo Beeline 3,Barricade,One,Normal,57,174509,65,17B 10D G 17A 4D G 19C 4A G 9C 11A G 16A 3C G 11B 9A G 9B 14D G 13C 3A G 7D 16C G 7A 12D G 14A 6B G 19B 5B G 9D 14B G 6A 7B G 8C 13A G 20D 12A G 20C 9C G 11B 15D G 15D 1D G
Monte Carlo Beeline 3,Tile Skipper,One,Normal,54,182454,27,7D 20D G 6B 6A G 13B 6C G 1A 1B G 18B 2B G 2C 1C G 5A 4B G 4C 18D G 19B 8C G 8B 12A G 5C 9A G 10A 10C G 14D 3C G 8A 17A G 17C 9B G 17D 14A G 14B 16B G 14C 6D G
Monte Carlo Tree Search,Barricade,One,Normal,63,236365,62,16C 6A G 16A 5A G 2A 2B G 2C 7B G 15A 2D G 5B 13B G 10B 5C G 11C 11A G 14D 20A G 14A 3D G 9B 13C G 10A 19B G 12B 19C G 2D 15A G 17D 1A G 16A 18C G 3D 5C G 16B 13D G 9B 7C G 1A 5D G 4D 6A G
Monte Carlo Beeline 1,Monte Carlo Beeline 2,Two,Normal,54,230145,78,20C 20B G 7C 9B G 18C 14D G 17C 19C G 1B 2B G 19B 2A G 14B 13A G 18D 2D G 1D 15A G 2C 6D G 3B 1C G 8A 15C G 8C 3A G 6C 14C G 3B 3D G 3C 9C G 8B 20D G 4D 10D G
Monte Carlo Beeline 1,Monte Carlo Beeline 3,Two,Normal,63,231749,33,9B 13A G 4D 4B G 4A 16A G 4C 17C G 16D 17A G 1C 6C G 5A 3B G 19B 11D G 18C 5C G 11A 18D G 17D 6A G 18A 1A G 2A 2B G 7A 14B G 1D 2C G 7C 10D G 11B 7D G 3D 15D G 10B 8C G 12B 20C G 15C 5D G
Monte Carlo Tree Search,Tile Skipper,One,Normal,57,200272,27,7D 20D G 6B 17B G 15D 6C G 1A 2B G 9D 2D G 2C 4D G 4A 3A G 4B 1C G 13D 1B G 2A 3D G 13D 4C G 5B 18D G 12A 5D G 8D 12D G 10A 19A G 14D 18A G 19D 13C G 19C 9A G 17B 15A G
Deep Beeline,Monte Carlo Beeline 2,Two,Normal,54,129778,72,19A 19B G 15D 4B G 7A 2A G 6D 6B G 4C 6C G 12A 18A G 12D 17C G 15B 1B G 13D 1A G 6A 8C G 3D 16D G 11C 20A G 9C 17B G 11A 5D G 3C 17D G 16A 15C G 8B 12B G 13B 8A G
Tile Skipper,Monte Carlo Tree Search,Two,Normal,48,163124,79,20D 18A G 10B 6B G 6C 8B G 2D 1A G 2B 1B G 16B 2C G 4B 5C G 1B 4C G 1C 10A G 13A 2A G 3B 8C G 5A 3C G 7A 14D G 12B 5D G 9A 12D G 18C 9B G
Monte Carlo Beeline 2,Monte Carlo Beeline 1,Two,Normal,213,281298,64,17A 16D G 5A 14C G 2C 18B G 13C 6D G 18D 2B G 16C 15B G 1A 2D G 12C 9C G 17C 7A G 14B 6C G 19C 15A G 10D 8B G 10C 13B G 8A 4D G 1D 8C G 4B 14D G 6B 4A G 20A 10C G 8D 15C G 9D 3C G 12D 13C G 10D 8D G 12D 8C G 8C 11B G 2A 15A G 10D 9A G 12D 9B G 15A 8B G 9C 15A G 12A 1A G 10C 12C G 7B 18C G 6B 12C G 14B 1C G 8B 8C G 15A 12D G 12D 12A G 15A 12D G 1A 13C G 5A 17A G 12D 3B G 2D 17C G 8B 10D G 12C 2A G 12D 12A G 9B 1C G 8B 14B G 12C 3A G 7D 7A G 8A 8B G 6B 8C G 11D 11B G 6B 8A G 8C 17C G 8B 13B G 12D 8B G 6B 12D G 17C 17A G 8B 8A G 8C 8B G 14D 9B G 17A 6B G 1C 18B G 10D 12B G 8B 5C G 13B 8B G 18C 17D G 6B 1A G 18C 6B G 13B 18C G 11B 8C G
Barricade,Monte Carlo Beeline 2,Two,Normal,60,226839,49,13B 13C G 17D 13A G 9B 3D G 14C 3A G 8C 2C G 1B 2A G 7D 6D G 6B 6A G 11B 9A G 10D 10A G 19A 4D G 16C 4B G 12B 11A G 17C 2D G 9D 16B G 7B 15B G 13D 11C G 15A 20A G 11B 16A G 20D 2D G
Barricade,Monte Carlo Tree Search,Two,Normal,78,285467,12,4A 20B G 20D 20A G 16B 3A G 1B 1A G 2B 5B G 8B 5A G 4B 1C G 11A 19A G 12C 2A G 18C 8D G 8C 9D G 1B 2C G 5C 7A G 13C 6C G 16D 19C G 18D 8D G 12A 17C G 19C 10B G 8D 2D G 1C 15B G 15D 1B G 7C 16A G 10C 9B G 8B 2B G 12A 13A G 11C 14B G
Random,Monte Carlo Tree Search,Two,Normal,39,127608,43,11D 8A G 18D 5C G 3B 2C G 19A 5D G 16D 13B G 19D 10D G 12D 18A G 12A 11B G 16A 6C G 18B 15A G 9C 13B G 10B 4D G 20B 13B G
Monte Carlo Tree Search,Monte Carlo Beeline 1,One,Normal,75,311020,62,16C 6A G 7B 7C G 20A 11D G 8B 12D G 17A 7D G 3A 8A G 10A 20C G 12A 12C G 19D 9D G 19A 4A G 15A 5D G 15C 4C G 18C 10C G 19C 5A G 14B 4D G 14D 9C G 10A 1A G 5C 12D G 1B 9B G 13C 7C G 4C 20C G 13C 17C G 18A 11B G 18D 17D G 4B 19A G
Monte Carlo Beeline 3,Deep Beeline,One,Normal,51,144844,65,17B 4A G 1B 12B G 9B 1A G 4D 11B G 13D 7D G 6D 6B G 4C 5B G 16D 13A G 20A 7A G 10B 15D G 20B 12C G 20C 12D G 7B 11C G 16C 14B G 10A 2D G 6C 15A G 10C 20C G
Monte Carlo Beeline 2,Random,One,Normal,48,94814,39,10D 14C G 10C 11D G 16B 9D G 12A 17D G 20B 9C G 14D 13D G 9A 9B G 5B 11B G 19A 3C G 14A 20A G 2C 5D G 18D 20D G 3D 18A G 4D 8C G 1A 12A G 20C 2D G
Monte Carlo Beeline 2,Kitty Corner,One,Normal,51,143571,45,12B 2A G 3A 13B G 14D 4A G 9A 14B G 2B 14A G 19A 7A G 1C 9D G 19B 16D G 20D 4C G 4D 16C G 19D 2C G 2C 20C G 11A 4C G 2C 11C G 15C 15A G 9A 15D G 10B 11B G
Monte Carlo Beeline 3,Monte Carlo Beeline 1,One,Normal,45,121068,75,19D 15A G 2C 2B G 10D 19B G 12C 20B G 7C 7B G 9D 14B G 11C 1C G 20A 2A G 16A 10A G 5B 4C G 4A 12D G 9A 11A G 16D 8A G 4B 3C G 4D 13D G
Monte Carlo Beeline 3,Kitty Corner,One,Normal,42,123727,39,10D 12A G 7A 20A G 17B 2A G 1A 18C G 18A 5A G 10A 5B G 13B 12B G 12C 7B G 15A 7D G 10C 13A G 3B 7C G 5D 3C G 15C 12D G 1C 6B G
Monte Carlo Beeline 2,Monte Carlo Beeline 3,Two,Normal,60,331047,32,9A 1B G 16A 15A G 6B 11B G 1A 1D G 11C 11D G 20B 18A G 16C 7B G 10C 19A G 12D 14C G 19D 5A G 5D 4C G 13C 13A G 14D 17A G 12A 2D G 18B 12C G 2C 4D G 8D 17D G 7D 11C G 8C 12B G 16D 8C G
Monte Carlo Beeline 2,Monte Carlo Tree Search,Two,Normal,69,379992,28,8A 20A G 7C 14C G 9B 10B G 3D 10A G 15A 10C G 11A 15D G 20C 20A G 5B 20C G 16C 14D G 19C 14B G 9D 16D G 16A 16B G 9C 13B G 13A 4A G 17C 4D G 10C 12D G 18A 18C G 13B 5C G 1D 3D G 11A 1D G 12B 13B G 2C 17B G 16B 3B G
Barricade,Monte Carlo Beeline 3,Two,Normal,48,131555,30,8C 1D G 9B 1A G 6C 2B G 4A 5C G 2A 19B G 19C 3B G 1B 16B G 1C 5B G 4C 3A G 16D 3C G 9C 11A G 6D 7A G 19D 16C G 11C 17A G 11B 5D G 10B 9C G
Monte Carlo Tree Search,Kitty Corner,One,Normal,54,176492,8,3A 10A G 5A 11A G 2A 1A G 14A 16B G 1C 9A G 4A 15A G 13A 19A G 6A 19D G 8B 20A G 16A 19C G 13A 9B G 9B 4C G 2D 14B G 16D 18D G 12C 14D G 18B 3B G 7C 4A G 6C 17D G
Monte Carlo Tree Search,Deep Beeline,One,Normal,63,209094,24,7A 6D G 13D 3C G 17A 10D G 11A 4C G 2A 6B G 2B 2C G 14C 12D G 15D 9D G 12B 14B G 4A 16D G 8A 19B G 14D 20B G 20A 12C G 19C 19A G 18D 4B G 16C 12A G 3A 19C G 4A 8A G 18B 9B G 12C 2D G 3C 9B G
Monte Carlo Tree Search,Monte Carlo Beeline 3,One,Normal,63,434954,7,2D 2B G 12D 8C G 15A 7D G 2A 7A G 9D 13B G 18D 4D G 10B 3C G 12B 13C G 2C 18C G 17A 13A G 9A 14C G 19D 19A G 20D 16C G 6A 14D G 10C 9C G 17D 1D G 20D 1A G 5C 8A G 9D 3B G 2A 20A G 5C 5A G
Monte Carlo Beeline 1,Monte Carlo Tree Search,Two,Normal,63,215441,24,7A 15B G 4A 13A G 20D 8A G 14B 12C G 14D 13C G 3B 3A G 3C 13B G 16C 9C G 20B 6B G 11D 6A G 16B 2C G 19A 18D G 14C 18A G 9A 19B G 6D 17A G 3B 16D G 16A 14B G 11D 19D G 17B 14A G 10B 6A G 3C 11A G
Monte Carlo Tree Search,Monte Carlo Beeline 2,One,Normal,66,466560,64,17A 13A G 2C 8A G 4C 4A G 19C 13B G 11A 9A G 2B 4D G 15D 16B G 16C 16A G 18B 20C G 11D 20D G 17B 10B G 10D 10A G 20A 7B G 6B 12B G 14C 10B G 7B 5C G 4D 1D G 9C 17B G 13B 6C G 1D 12D G 18A 16B G 13D 11B G
Deep Beeline,Monte Carlo Tree Search,Two,Normal,60,198412,63,16D 6B G 4A 5B G 16A 5A G 6C 20A G 17A 4D G 14C 11A G 16C 3B G 18D 5D G 10D 2A G 12A 19A G 2B 4B G 13B 3A G 15D 14D G 4B 14B G 12B 3D G 8A 9B G 8C 2D G 5C 7D G 8C 8A G 15B 10A G
Monte Carlo Beeline 3,Monte Carlo Tree Search,Two,Normal,70,475530,8,3A 3B G 7A 4C G 8B 16A G 9C 4D G 10B 4A G 18A 4B G 16B 17B G 17A 17C G 2D 20A G 2C 11C G 11D 8D G 8C 20C G 13A 10C G 5B 13C G 9B 14A G 19D 1A G 6A 12B G 11A 5D G 17C 5B G 7D 4C G 4B 7B G 4A 11C G 4A 2C G 17D
Monte Carlo Tree Search,Random,One,Normal,51,152112,57,15B 3C G 13A 18A G 19D 4B G 15A 15D G 17D 14B G 2B 13C G 7C 10B G 14D 12B G 11B 3C G 12C 14A G 10C 8B G 17C 16C G 16D 4D G 4C 12D G 20C 4A G 2B 15D G 16A 7B G
Monte Carlo Beeline 3,Monte Carlo Beeline 2,One,Normal,87,566517,62,16C 6A G 7B 12D G 12B 17C G 18C 17A G 12C 14C G 17B 5C G 15D 5A G 1A 9B G 10C 13B G 4A 3B G 5B 2B G 10D 7C G 11B 14D G 2D 19C G 19A 20B G 15C 4D G 2A 4B G 5D 7D G 7D 9D G 9D 3A G 16A 20B G 20B 5B G 12B 17C G 7A 13C G 12D 5C G 17C 12B G 11B 17C G 5B 7A G 9B 2B G
Tile Skipper,Bee Line,Two,Normal,45,115,79,20D 5C G 17D 6B G 6C 1B G 12C 1A G 2B 5B G 13D 2C G 4B 14A G 10C 4C G 1C 19C G 14B 2A G 3B 18A G 14D 3C G 7A 18D G 16D 9A G 9D 7B G
Random,Tile Skipper,Two,Normal,45,192,67,17D 20D G 6B 15D G 12A 6C G 1A 9D G 14A 2B G 2C 12C G 17B 4B G 1B 8B G 7C 2A G 3D 14D G 9C 3C G 4D 20C G 15A 5D G 8D 13B G 17D 19A G
Barricade,Random,One,Normal,60,190,44,12A 14D G 20A 14A G 19C 17C G 4C 4A G 9D 18D G 7C 5D G 7A 11A G 10B 2D G 18A 3C G 19D 13C G 11C 1D G 16B 17B G 8C 7D G 15D 9C G 6D 2A G 20C 13D G 13A 1D G 15C 13B G 1B 10B G 20D 8C G
Barricade,Bee Line,One,Normal,67,188,8,3A 9B G 4A 4B G 4C 11B G 7A 4D G 7B 7C G 8A 6D G 11A 8C G 13B 7D G 8B 2D G 10C 8D G 5A 14B G 1D 5C G 10D 6C G 15A 10A G 10B 15D G 20C 14C G 19D 20A G 17A 5B G 16A 6C G 20D 10D G 7B 15C G 19A 17B G 14C
Tile Skipper,Barricade,Two,Normal,57,246,79,20D 11D G 20A 6B G 6C 6A G 15C 1A G 2B 1B G 1C 2C G 4B 1D G 2A 4C G 7A 3B G 15A 8C G 7D 7B G 3D 7C G 8B 12B G 16A 3C G 8A 16B G 19A 9A G 9B 19C G 13C 10B G 12C 18D G
Kitty Corner,Barricade,Two,Normal,84,269,16,5A 12A G 5B 1A G 2A 1B G 1C 7A G 3A 1D G 2B 4A G 10A 2C G 4C 15A G 20A 10C G 10D 10B G 20C 11C G 11B 20C G 20D 9C G 16D 3B G 20C 19D G 14A 16C G 11A 11D G 13B 20A G 4A 11D G 18B 2D G 3C 12B G 6C 20C G 19B 17A G 14B 5D G 7B 6D G 17B 4D G 5D 1D G 8B 2D G
Random,Kitty Corner,Two,Normal,48,277,25,7B 4A G 5A 12B G 10C 1A G 6A 9B G 9A 11A G 16A 19A G 20D 6B G 4D 19B G 14A 1B G 6B 10D G 2C 5D G 5C 18A G 8D 11B G 4D 13C G 20D 17B G 15C 10C G
Barricade,Tile Skipper,One,Normal,78,297,44,12A 20D G 6B 6A G 11D 6C G 1A 1B G 1C 2B G 2C 1D G 2A 4B G 4C 20C G 20B 7A G 8C 5B G 5D 7D G 3D 16A G 4A 7B G 8A 8D G 3A 9A G 9B 10D G 15D 10A G 10B 12B G 18D 13A G 13C 12D G 5A 18A G 19A 17D G 16D 18B G 19C 5D G 17D 14C G 18B 1C G
Random,Bee Line,One,Normal,54,313,71,18D 16A G 13A 9C G 4C 16B G 8B 9C G 2A 17D G 17B 19B G 18B 8A G 1B 9A G 11C 11D G 17A 3C G 14D 6A G 5C 2B G 6B 5A G 10D 19A G 14D 15C G 15B 19A G 10B 15A G 8D 13C G
Random,Barricade,Two,Normal,60,526,53,14B 19B G 14A 4B G 3A 3B G 3C 9A G 10C 9D G 10A 3A G 13C 5D G 8D 17D G 17A 4D G 5A 3D G 6C 13A G 18D 16B G 16A 1B G 13D 7C G 16B 5C G 1D 5B G 16B 1A G 1C 15C G 4A 3C G 1D 9B G
Kitty Corner,Random,One,Normal,42,2583,60,16A 20A G 19B 11A G 6A 10B G 12C 1A G 5A 6D G 20B 4A G 1D 13A G 13C 4B G 4D 17B G 3A 16B G 6B 19C G 9D 4C G 3B 12D G 8C 8A G
Barricade,Kitty Corner,One,Normal,54,3095,73,19B 1A G 2A 1B G 1C 3A G 8A 1D G 2B 13A G 18A 2C G 2D 3B G 8B 8C G 8D 13B G 3B 4B G 6A 13D G 13D 9B G 19C 4C G 10C 6B G 15C 8B G 12D 20D G 15A 8D G 13B 16C G
Tile Skipper,Random,One,Normal,48,9713,79,20D 20C G 3D 6B G 6C 20A G 19B 1A G 2B 19B G 17C 2C G 4B 12D G 5D 1B G 2A 11A G 2D 4C G 7A 20C G 8C 3C G 7D 9D G 7B 9A G 13C 3D G 7B 13D G
Bee Line,Random,One,Normal,39,38068,61,16B 16C G 13A 3A G 12D 20D G 19D 3D G 3B 20A G 20A 12A G 4B 1A G 6A 16D G 16A 8D G 15D 12B G 5C 19C G 1C 5A G 2A 15C G
Bee Line,Kitty Corner,One,Normal,42,39840,53,14B 8A G 3A 14A G 14C 4A G 5A 11A G 10B 10A G 15A 16B G 16A 5B G 8B 19B G 16D 4D G 15D 20B G 7B 5B G 15C 19A G 10C 4C G 5B 17C G
Kitty Corner,Tile Skipper,Two,Normal,54,42438,4,2A 20D G 6B 3A G 4A 6C G 1A 9A G 14A 2B G 2C 19A G 14B 4B G 1B 3D G 4C 4D G 7A 9D G 19B 7C G 7B 3C G 15D 8D G 8B 12D G 18B 13B G 8A 2D G 3B 12C G 17D 10C G
Bee Line,Barricade,Two,Normal,60,44415,7,2D 20B G 2A 18D G 12C 7C G 1C 9D G 13D 9A G 14B 7B G 11C 4C G 12A 6C G 18C 15B G 14D 17A G 16D 19A G 17C 5A G 8A 5B G 5C 18C G 3D 1C G 19A 11D G 7B 20A G 17C 8A G 16D 17C G 14B 18C G
Random,Deep Beeline,Two,Normal,51,45715,24,7A 19B G 14D 13B G 10C 20A G 14C 6B G 9C 5B G 5D 18B G 18A 10B G 8D 11B G 17A 15B G 5C 3C G 12A 2C G 13D 15C G 10C 9D G 3A 12B G 17C 1A G 2B 11D G 18C 16D G
Tile Skipper,Deep Beeline,Two,Normal,48,45863,79,20D 11D G 6D 6B G 6C 8D G 1B 1A G 2B 12C G 8B 2C G 4B 7A G 11C 4C G 8C 13A G 7B 7D G 2A 20B G 18A 3B G 4A 14C G 9B 5D G 9A 16A G 10B 14A G
Tile Skipper,Kitty Corner,One,Normal,45,36061,79,20D 14A G 9A 6B G 6C 4A G 3A 1A G 2B 2A G 7A 2C G 4B 3C G 3D 1B G 3B 9D G 14D 8C G 7C 7D G 4D 7B G 5D 14D G 10D 8B G 12B 8A G
Kitty Corner,Deep Beeline,Two,Normal,51,45891,52,14A 8A G 9D 9A G 4A 4B G 10D 3A G 2A 3B G 1B 7A G 14D 5A G 20A 14C G 3C 19A G 3D 3C G 14C 15A G 16A 2D G 12C 17D G 17B 11D G 18A 15C G 18B 9B G 9B 16B G
Bee Line,Tile Skipper,One,Normal,39,7940,24,7A 20D G 6B 13A G 14A 6C G 1A 7B G 12D 2B G 2C 13C G 14D 4B G 1B 13D G 12C 2A G 3D 12A G 9B 3C G 4C 8B G 7C 5D G
Deep Beeline,Tile Skipper,One,Normal,54,46938,8,3A 20D G 6B 4A G 4B 6C G 1A 3B G 18C 2B G 2C 5A G 18A 7A G 6A 1B G 20B 1C G 2A 19D G 14B 7D G 7B 15D G 14C 10A G 12D 10C G 12A 12C G 17B 10B G 17C 19C G 9B 8B G
Deep Beeline,Kitty Corner,Two,Normal,42,45379,2,1C 16A G 11A 11B G 9A 6A G 1A 2A G 8A 5A G 4A 8D G 19C 11C G 16D 14B G 18A 1D G 11C 4B G 4D 16D G 6B 17A G 18B 3A G 3A 12A G
Kitty Corner,Bee Line,Two,Normal,36,5631,40,11A 19D G 16B 6A G 1A 16A G 11C 5A G 4A 7B G 19B 9A G 5C 7A G 20B 1B G 5C 7D G 2C 1B G 5D 13B G 10C 9B G
Deep Beeline,Random,One,Normal,63,48796,73,19B 12C G 1D 12A G 8B 19A G 18C 3A G 3B 2D G 11B 13A G 17C 10D G 7B 18D G 19C 7A G 3D 14B G 10A 17D G 11D 15D G 17B 18A G 9C 9A G 9D 8C G 18C 16A G 8D 7C G 16C 16A G 10B 7C G 9C 8C G 5B 20C G
Monte Carlo Beeline 1,Bee Line,One,Normal,51,69271,44,12A 11C G 9D 19B G 7C 5C G 6C 13D G 12D 11A G 6D 11B G 6B 14C G 11D 14B G 4D 3B G 17A 13C G 16C 9D G 8C 15D G 18D 2B G 9A 2C G 14D 1A G 10B 20D G 8D 5B G
Tile Skipper,Monte Carlo Beeline 1,Two,Normal,45,77641,79,20D 19A G 8D 6B G 6C 4B G 9B 1A G 2B 1B G 1C 2C G 7A 18B G 5A 6A G 1D 17C G 16B 8C G 7D 3A G 11B 7B G 5D 11C G 13A 8B G 9D 13D G
Barricade,Deep Beeline,One,Normal,78,77564,61,16B 16A G 3A 3B G 3C 9A G 20B 3D G 9B 13A G 15A 9C G 9D 14C G 8B 12C G 13D 14B G 14A 19D G 10B 11A G 17A 18D G 20D 11C G 18A 6B G 12B 5A G 1A 5C G 10A 7C G 7C 10A G 4C 7A G 6D 10B G 2A 13B G 1C 2C G 19C 1D G 6A 9C G 2D 5A G 1A 5C G
Monte Carlo Beeline 1,Tile Skipper,One,Normal,54,77909,44,12A 20D G 6B 1A G 13B 6C G 5C 5B G 14B 5D G 4A 4B G 4C 3B G 1B 20B G 13A 3D G 5A 17C G 17A 7D G 7B 13D G 13C 2D G 2B 19C G 11B 7A G 17B 11C G 10B 18A G 18B 10C G
Kitty Corner,Monte Carlo Beeline 1,Two,Normal,45,77932,12,4A 12A G 16A 5A G 1A 3D G 13B 6A G 11A 18A G 11C 10A G 2A 9A G 20A 7A G 14A 17D G 18D 10B G 10D 18B G 9B 1B G 1B 19A G 19C 1D G 5B 14D G
Random,Monte Carlo Beeline 1,Two,Normal,51,77919,73,19B 15D G 4A 19A G 10B 10D G 18A 6D G 8A 15C G 20D 11A G 16B 12B G 16A 16B G 9B 1B G 2D 3A G 3A 7D G 2C 13C G 16D 17C G 5B 8A G 13B 2B G 2A 19B G 1C 12D G
Bee Line,Deep Beeline,Two,Normal,57,37913,70,18C 2B G 15A 10B G 14C 9A G 13C 18A G 5C 14A G 18B 19A G 19D 7A G 19C 13B G 13A 9C G 16C 16D G 11A 11C G 20A 4A G 3C 16B G 6D 4A G 1C 11B G 6A 5A G 10D 16A G 12D 5C G 18A 12D G
Monte Carlo Beeline 1,Kitty Corner,One,Normal,48,78428,44,12A 18A G 13A 2A G 3C 8A G 3A 4B G 19A 4A G 5A 15B G 1A 17A G 3B 3D G 1C 8C G 13C 15D G 15C 5C G 8B 6B G 17D 8B G 4C 9A G 11D 9B G 20B 14D G
Deep Beeline,Barricade,One,Normal,60,35661,12,4A 4B G 4C 15D G 20B 4D G 15A 15C G 1A 1B G 1C 12D G 18B 1D G 3A 12A G 12C 20A G 19D 8A G 13D 11D G 2A 9B G 7C 14C G 11B 16A G 11A 16C G 13A 13C G 14A 11D G 5B 19C G 7D 2B G 5A 18D G
Deep Beeline,Bee Line,One,Normal,54,38283,6,2C 13C G 11B 11C G 16A 6D G 7D 7A G 3B 1B G 5B 4C G 1A 10A G 10D 18A G 14A 6C G 15B 14B G 14C 20B G 20D 19D G 18B 6B G 20A 19A G 19B 7D G 18D 4D G 20C 12B G 10C 15D G
Bee Line,Monte Carlo Beeline 1,Two,Normal,42,43273,3,1D 4A G 18C 20B G 15A 1A G 13B 15B G 5B 5A G 8A 20A G 11B 12C G 17A 11D G 3B 14D G 9C 20D G 16C 2B G 9B 16A G 3A 3D G 2A 11D G
Monte Carlo Beeline 1,Deep Beeline,One,Normal,45,89007,73,19B 19A G 4B 4A G 16A 18A G 14C 5A G 12C 16C G 16B 13B G 17B 17C G 1D 20D G 18D 11C G 8A 10D G 13D 3C G 11A 9D G 7A 15C G 17A 9A G 2D 10A G
Monte Carlo Beeline 1,Barricade,Two,Normal,86,95578,37,10B 10A G 15D 9D G 12A 9A G 14B 14D G 9B 14A G 19C 7A G 13A 13C G 15B 19A G 5B 15A G 15C 7B G 18A 13D G 18C 8B G 17C 4A G 1B 17A G 19B 18B G 3B 20B G 3A 16B G 20A 6D G 4C 19D G 20D 3A G 8D 14B G 18D 14D G 14C 20C G 18D 1C G 20B 15A G 6B 4C G 4C 15C G 14C 14D G 20B 9C
Bee Line,Monte Carlo Beeline 2,Two,Normal,39,118747,75,19D 11D G 2C 4A G 15B 20D G 7A 1C G 11C 3A G 5C 16A G 1B 11B G 2D 16B G 9D 20B G 18B 13A G 18C 13C G 18D 17A G 17B 17D G
Barricade,Monte Carlo Beeline 1,Two,Normal,63,41378,9,3B 3C G 20B 16A G 3A 18C G 4B 8D G 4D 16C G 2D 2A G 7C 6B G 15A 1C G 15C 18A G 15D 18B G 18D 17B G 19A 4A G 5B 14C G 12D 19C G 16B 7B G 11A 14A G 10A 9B G 9A 12A G 3C 9A G 14B 5C G 13C 16B G
Deep Beeline,Monte Carlo Beeline 1,Two,Normal,54,42005,21,6B 6C G 13B 2B G 11B 2A G 19A 7A G 2C 3A G 19D 15D G 14C 15C G 4A 20B G 18D 6D G 19B 5A G 3C 10B G 9B 17D G 3C 8C G 8A 16B G 10C 14D G 17B 14B G 14B 17A G 6D 18A G
Tile Skipper,Monte Carlo Beeline 2,Two,Normal,51,129095,79,20D 3A G 3C 6B G 6C 14C G 4C 1A G 2B 1B G 18B 2C G 4B 20A G 16B 5A G 1C 17A G 9C 2A G 7A 8B G 18C 7D G 10A 12A G 13D 10C G 12D 7B G 16D 12C G 19C 12B G
Random,Monte Carlo Beeline 2,Two,Normal,48,144173,68,18A 15D G 1A 17B G 1B 2A G 3B 2B G 4D 16A G 7A 19C G 4C 16D G 20D 3C G 10C 12D G 5A 6A G 19B 13A G 11D 16B G 19D 5C G 14A 12A G 8B 14B G 12B 6B G
Monte Carlo Beeline 2,Deep Beeline,One,Normal,57,146357,44,12A 11D G 10A 7A G 9C 16D G 13C 18D G 14A 12C G 17A 10D G 8A 14B G 1B 10C G 9B 9A G 6C 18C G 1D 13D G 8C 5D G 6A 2D G 3B 6D G 4A 20B G 16B 4C G 5A 20A G 9D 4B G 6A 15A G
Random,Monte Carlo Beeline 3,Two,Normal,39,161547,54,14C 6A G 3A 9C G 8B 20A G 2A 5D G 16B 13B G 5A 9D G 11C 13C G 19B 7B G 18A 15D G 15C 16D G 10A 1C G 18B 7B G 11D 18D G
Monte Carlo Beeline 3,Random,One,Normal,42,169985,54,14C 2A G 15B 8D G 20B 20A G 16A 3A G 9B 16A G 6C 15C G 20C 5B G 17D 4C G 13A 11C G 4A 11A G 17C 6B G 5B 10A G 5C 9D G 15A 15D G
Kitty Corner,Monte Carlo Beeline 3,Two,Normal,45,174561,56,15A 11C G 4D 10A G 5A 1B G 1A 4A G 3A 4B G 17D 8A G 10C 2B G 16A 5D G 10D 6D G 20C 15C G 3B 20A G 19D 3D G 13C 14A G 18A 13C G 14C 20B G
Bee Line,Monte Carlo Beeline 3,Two,Normal,51,182724,70,18C 10C G 15D 1D G 14C 11D G 2A 10A G 18B 3A G 19C 10B G 18A 19D G 14D 20A G 20B 14A G 19A 4A G 9C 17B G 16A 5A G 4B 13B G 7C 18A G 7A 16D G 17C 9C G 5A 7B G
Monte Carlo Beeline 3,Bee Line,One,Normal,42,139928,6,2C 5B G 10D 16B G 19D 17B G 14D 4A G 14B 9A G 18D 4C G 14A 1B G 11C 3C G 17A 2D G 12C 7B G 12D 19C G 11C 3A G 20A 7A G 8D 20D G
Tile Skipper,Monte Carlo Tree Search,Two,Normal,46,191879,79,20D 13A G 10C 6B G 6C 8C G 14D 1A G 2B 20B G 3A 2C G 4B 16C G 2A 1B G 3B 2D G 5D 3C G 4C 18B G 12D 7A G 7B 9B G 7C 9A G 14C 13B G 10B
Monte Carlo Beeline 2,Bee Line,One,Normal,54,193672,44,12A 7A G 18A 18B G 7D 12D G 17A 17C G 14D 11C G 20A 13A G 19D 11D G 10B 9D G 10C 14C G 15C 14A G 5A 8B G 1D 9C G 3B 8D G 3C 4D G 16B 7B G 1A 5B G 1B 3A G 1C 2B G
Bee Line,Monte Carlo Tree Search,Two,Normal,51,196692,32,9A 7B G 15D 14D G 16C 17B G 13D 14C G 9B 11D G 4D 20B G 19A 20A G 2A 15B G 6A 11D G 19B 10C G 10D 15A G 15C 12B G 9C 2C G 20A 20D G 4C 8A G 8D 14C G 18D 11C G
Deep Beeline,Monte Carlo Beeline 3,Two,Normal,48,199024,44,12A 6B G 1A 8A G 13C 3A G 14D 20C G 18C 15D G 14A 5D G 10A 14C G 9B 6D G 11A 15A G 7B 9C G 6C 10D G 16C 16D G 2D 5C G 2B 4D G 20B 4A G 11B 19B G
Monte Carlo Beeline 3,Tile Skipper,One,Normal,51,156696,61,16B 20D G 6B 11B G 3B 6C G 1A 18A G 3C 2B G 2C 2A G 20A 4B G 1B 20C G 4D 4C G 7A 19A G 5D 8C G 7D 10D G 14C 4A G 7B 9B G 11C 8A G 8B 14D G 9A 10B G
Kitty Corner,Monte Carlo Tree Search,Two,Normal,54,206466,8,3A 5C G 2A 4A G 5A 8C G 20C 10A G 15A 13A G 19B 20A G 4D 10D G 7B 5B G 10B 12D G 11B 10B G 5D 8C G 17C 3D G 3C 6A G 2D 16C G 6D 19C G 14A 10A G 8D 5C G 12D 4D G
Kitty Corner,Monte Carlo Beeline 2,Two,Normal,51,213225,44,12A 11D G 10A 7A G 2A 5B G 16B 1A G 5A 18C G 4C 17A G 17B 1C G 19B 2B G 1D 14D G 19C 5D G 12C 17C G 14B 7B G 2D 15B G 15A 17A G 2B 9A G 9C 19D G 2C 13B G
Deep Beeline,Monte Carlo Beeline 2,Two,Normal,51,170793,36,10A 10B G 12A 10A G 14B 19A G 7B 16D G 12B 13C G 4C 20C G 1C 1D G 13D 8B G 11C 15B G 7A 17B G 18D 18A G 11B 5A G 5B 11A G 6B 14D G 3B 15A G 1A 3C G 8C 6A G
Monte Carlo Tree Search,Bee Line,One,Normal,54,192749,9,3B 7A G 13C 8B G 17A 19C G 12A 6B G 8C 12D G 12C 3A G 17A 17D G 18C 18A G 2D 11A G 14C 6B G 6C 11C G 16B 3D G 15C 19D G 20C 6D G 6B 20B G 16A 1C G 2D 20A G 12B 8B G
Barricade,Monte Carlo Beeline 2,Two,Normal,66,252946,64,17A 16D G 18B 16A G 17C 5A G 20A 11C G 18A 18C G 14B 14A G 9D 15B G 4D 12D G 12A 5B G 10A 12B G 15D 8C G 10B 19A G 15C 13A G 9C 4A G 3B 8D G 2B 3B G 11A 2A G 2C 11D G 17B 3D G 3A 9A G 14A 4A G 15D 14D G
Random,Monte Carlo Tree Search,Two,Normal,69,257761,7,2D 17B G 15D 10A G 16B 7D G 2B 14C G 14C 10D G 13D 3A G 7A 9D G 19B 6C G 8D 4D G 8C 16D G 20A 10D G 11D 13A G 3C 17D G 5A 3C G 11A 4C G 19A 8D G 18D 17C G 15D 19C G 16B 13C G 13C 6A G 8D 15A G 9B 7B G 2D 17A G
Monte Carlo Tree Search,Monte Carlo Beeline 1,One,Normal,66,259414,38,10C 12A G 7A 4A G 20C 4B G 15C 3C G 9C 3A G 20A 8C G 7D 8D G 18B 6C G 6B 6A G 18C 13D G 8B 13A G 16B 2D G 3D 2C G 19C 2B G 6D 9B G 18D 15D G 9C 2A G 13C 8A G 2D 9B G 8D 9C G 1C 5B G 15A 8D G
Monte Carlo Beeline 2,Monte Carlo Beeline 1,Two,Normal,76,265794,73,19B 19A G 2B 16A G 13A 13B G 13C 8D G 20D 18C G 8A 5C G 12C 5A G 6C 15B G 9A 15A G 4C 14B G 10B 15D G 17C 3A G 7D 11C G 11A 1A G 12D 7B G 12B 17A G 10A 7C G 4D 11B G 1A 4A G 20C 7A G 1A 17C G 11A 17C G 11B 15A G 15A 7D G 13A 3A G 9A
Barricade,Monte Carlo Beeline 3,Two,Normal,72,266434,57,15B 18C G 19D 18A G 13D 1B G 9D 1A G 2B 16B G 19B 5B G 9A 17A G 12B 12A G 14B 7B G 7A 11C G 12D 11A G 11D 16C G 2D 3D G 3C 20D G 4A 4D G 8A 11C G 9C 12B G 16D 18A G 5B 16A G 11B 6A G 14B 11B G 16D 4A G 10C 11C G 4C 10A G
Monte Carlo Beeline 1,Monte Carlo Beeline 2,One,Normal,77,264914,62,16C 16B G 12A 2D G 3A 2A G 19C 2B G 7B 3B G 1C 14D G 18D 20D G 20C 12C G 17C 18C G 8A 2C G 7A 7D G 9D 8C G 15D 15A G 15C 15B G 8B 10D G 10A 5C G 10C 9C G 13B 4C G 6C 5A G 9A 5D G 10B 13A G 6D 8B G 1D 8A G 12D 2A G 12C 5A G 7D 16D
Monte Carlo Tree Search,Barricade,One,Normal,72,268500,17,5B 12A G 5A 9B G 11A 1B G 4B 10B G 15A 9A G 14D 19C G 7D 7A G 3B 3A G 7B 13A G 6D 9C G 13C 6B G 16C 2A G 20D 19B G 18A 2D G 6A 16D G 9A 11B G 17A 18A G 12B 19A G 3C 4D G 17A 8D G 20B 14D G 5B 13B G 20C 17B G 1C 3D G
Monte Carlo Beeline 1,Monte Carlo Beeline 3,Two,Normal,60,229847,73,19B 12B G 4B 5D G 6D 5A G 17C 16C G 13C 11D G 6A 11C G 12A 8B G 16D 8D G 3A 13B G 4D 5C G 17D 7B G 18C 2A G 9C 1A G 3C 9A G 7C 12B G 10D 15C G 2D 14D G 8B 9D G 15D 4B G 15B 15D G
Monte Carlo Beeline 1,Random,One,Normal,39,12339,11,3D 13A G 1A 4A G 14A 2C G 6A 20C G 3B 12D G 10C 18A G 2A 10A G 17D 12C G 9D 5D G 1C 7B G 18B 6A G 16B 18C G 16D 7A G
Monte Carlo Beeline 2,Barricade,One,Normal,60,298611,73,19B 19A G 20B 18C G 2A 18A G 13D 6A G 15D 6B G 6C 13A G 8A 6D G 17B 5C G 20A 17A G 12C 11A G 9A 9C G 20D 17C G 1A 15B G 4B 9B G 9D 3A G 19D 7A G 7B 11D G 17A 5B G 12B 19A G 6D 5D G
Tile Skipper,Monte Carlo Beeline 3,Two,Normal,48,135475,79,20D 2B G 8A 6B G 6C 17A G 18B 1A G 2D 2C G 18D 5B G 3B 4B G 7B 3C G 1C 19B G 19D 5A G 4C 16D G 10B 4D G 3A 13D G 5D 7A G 9C 14A G 9D 9B G
Monte Carlo Beeline 3,Kitty Corner,One,Normal,45,125431,24,7A 2A G 3A 13D G 19C 4A G 9A 12C G 3B 14A G 19A 19D G 10B 2D G 4B 6D G 15D 9C G 3D 17C G 15C 2C G 3C 20D G 6B 14C G 14B 11B G 6C 9D G
Monte Carlo Beeline 3,Monte Carlo Beeline 2,One,Normal,60,333072,38,10C 12A G 12D 20B G 5A 11A G 13A 8B G 8A 17D G 18C 12C G 17A 5B G 8D 17B G 20C 15C G 15D 19D G 14C 10B G 14A 14D G 19A 19C G 4A 1B G 3D 1A G 2B 4D G 8B 3A G 14A 8B G 8B 10B G 3B 8A G
Monte Carlo Tree Search,Monte Carlo Beeline 3,One,Normal,49,335424,27,7D 8B G 4B 3A G 9C 9A G 11D 17A G 18A 2A G 19A 19C G 20B 6D G 12D 11C G 16D 7B G 16B 13A G 13C 18D G 16A 19C G 1B 3B G 18D 19C G 18D 14A G 19B 14D G 14D
Monte Carlo Beeline 2,Random,One,Normal,45,67071,19,5D 19B G 10D 10B G 1A 7C G 1C 16C G 20C 4D G 13D 2A G 2C 15D G 8C 5B G 1B 14A G 8D 10A G 2B 7C G 16D 19C G 13C 13B G 8D 3B G 18D 12B G
Deep Beeline,Monte Carlo Tree Search,Two,Normal,42,135052,10,3C 14B G 1A 18A G 11C 2A G 5A 9A G 19A 19D G 7A 17A G 14A 7B G 16D 4A G 5D 10A G 10D 7C G 13C 17C G 3B 10B G 12A 20C G 5A 15B G
Monte Carlo Beeline 3,Deep Beeline,One,Normal,63,184638,59,15D 3B G 8C 13C G 13D 2A G 6D 15B G 19A 13B G 9B 3C G 8A 12B G 19D 20A G 14D 19C G 18B 17C G 4A 17D G 20D 12C G 7A 16A G 16B 11A G 16C 11D G 12D 12C G 11A 9A G 9D 11A G 4C 20D G 18B 20D G 5D 9D G
Monte Carlo Beeline 2,Monte Carlo Beeline 3,Two,Normal,54,340628,78,20C 13A G 16B 18A G 6C 12C G 1D 13D G 17D 18C G 6D 17B G 12A 7D G 12D 8D G 4A 5D G 5A 4C G 9D 14B G 19C 17C G 10C 4B G 11A 15C G 1B 11C G 2B 7C G 2A 3D G 3B 10D G
Monte Carlo Beeline 2,Tile Skipper,One,Normal,51,47457,39,10D 20D G 6B 20A G 2B 6C G 1A 17B G 14A 2D G 2C 3A G 5A 5B G 3B 8D G 13D 1B G 3C 4D G 9D 4B G 4C 18C G 16D 5D G 8A 4A G 7A 9A G 9C 11C G 12D 9B G
Monte Carlo Tree Search,Monte Carlo Beeline 2,One,Normal,69,404954,46,12C 19B G 10D 1B G 2A 1A G 17A 5C G 18D 12A G 8A 17C G 14B 18A G 5B 6C G 4C 6A G 4B 6D G 5C 13D G 13A 18C G 4A 14D G 9A 13B G 17D 14C G 11C 5C G 11B 12D G 7B 3C G 3D 7A G 7A 11D G 3D 5B G 1A 5A G 2C 9A G
Monte Carlo Beeline 2,Monte Carlo Tree Search,Two,Normal,60,407016,37,10B 3C G 11B 5B G 3A 5A G 16D 4C G 4B 4A G 1A 17A G 12A 5D G 5A 5C G 17B 3D G 17D 2C G 13A 12B G 8C 16B G 7A 7D G 11D 18A G 19C 17C G 8A 14D G 9B 3D G 11D 6C G 13A 8A G 1D 6C G
Monte Carlo Tree Search,Deep Beeline,One,Normal,57,188506,18,5C 9A G 14D 19D G 7A 7D G 4B 1C G 17C 4A G 1B 19C G 7B 2D G 18D 18A G 1A 10B G 2B 3A G 18B 14B G 11B 7B G 1C 11A G 15C 14C G 15B 3D G 2A 11D G 18C 3D G 16B 16D G 12C 13D G
Monte Carlo Beeline 2,Kitty Corner,One,Normal,51,39837,11,3D 10A G 5A 1C G 13A 1A G 2A 17B G 7D 7A G 12A 2B G 19C 10B G 1D 18A G 17C 12D G 10C 12C G 6C 5D G 10B 11C G 16D 12A G 20D 15A G 11A 12A G 20A 11D G 9A 1D G
Barricade,Monte Carlo Tree Search,Two,Normal,60,195576,30,8C 18B G 5C 5A G 10D 14B G 16A 1D G 14A 9B G 1A 1B G 1C 6A G 5D 10C G 4C 18A G 6B 11D G 15C 4D G 17D 18D G 19C 14B G 12D 9C G 13A 5C G 1A 10A G 4A 13D G 5D 12A G 11A 6D G 16C 15D G
Monte Carlo Tree Search,Random,One,Normal,48,147016,66,17C 5B G 14B 19B G 7D 19D G 10D 3A G 2A 18D G 2C 9B G 19C 4B G 20B 20C G 16B 9D G 1D 11B G 12C 13B G 4D 7D G 9B 5B G 14B 6A G 18B 2C G 13B 17B G
Monte Carlo Beeline 3,Barricade,One,Normal,60,166975,46,12C 5D G 12A 3A G 5A 3B G 3C 4A G 16B 3D G 4B 9A G 16C 4C G 17A 16D G 13A 13D G 18C 19A G 18B 10D G 1D 18D G 13C 18A G 14D 19C G 6C 19B G 19D 11B G 20D 12A G 3C 19A G 6A 8D G 2C 6D G
Monte Carlo Beeline 3,Monte Carlo Tree Search,Two,Normal,81,546105,38,10C 11D G 3D 3B G 19A 14A G 19D 20C G 8D 15D G 17D 13D G 3A 3C G 7A 15A G 19B 9C G 13A 4A G 18D 15B G 8B 9B G 6A 6B G 13C 9A G 6C 17B G 19D 19A G 20A 15C G 19D 10D G 15A 15B G 10B 19C G 15A 11D G 8B 20A G 15A 16C G 6B 15A G 15A 14D G 15D 9B G 19C 6B G
Monte Carlo Beeline 1,Monte Carlo Tree Search,Two,Normal,84,291181,58,15C 17A G 7C 7B G 9D 11C G 2B 8C G 8A 9A G 4C 12A G 11B 9C G 19A 13A G 9B 14B G 19C 14D G 14C 14A G 7D 10C G 5C 20C G 13C 13D G 6C 2A G 18B 6A G 6D 17B G 11C 10A G 10B 18D G 16A 5A G 9D 5D G 17A 11B G 9D 4D G 1B 9D G 9D 14B G 18D 3A G 7B 18B G 17A 9B G
Monte Carlo Tree Search,Tile Skipper,One,Normal,45,133763,0,1A 20D G 6B 10C G 14D 6C G 5C 5A G 18A 5B G 2B 17A G 7D 2C G 3B 12D G 18B 2A G 3C 9B G 1A 4B G 4C 14C G 17D 7A G 7B 5D G 10C 8D G
Monte Carlo Beeline 3,Monte Carlo Beeline 1,One,Normal,66,208839,35,9D 12B G 16A 17C G 8B 17D G 8A 13D G 5C 13A G 19A 8C G 13C 18C G 18A 12C G 6A 11D G 6D 7C G 1C 9B G 2D 11A G 7A 2D G 15C 3D G 15D 19D G 13B 3A G 10B 20B G 2A 3B G 10D 2B G 2B 15B G 7C 2B G 7D 11C G
Monte Carlo Tree Search,Kitty Corner,One,Normal,51,156197,67,17D 11A G 6A 2C G 1B 1A G 5A 5D G 8B 4A G 9A 4B G 19A 6D G 5B 15C G 2D 4C G 4D 3C G 9D 1C G 1C 14B G 14A 8C G 4A 16B G 18B 20C G 5C 18A G 10C 20D G
